Symbol,Current Price,Date,Time,Change,Open,High,Low,Volume,Trade Date,Purchase Price,Quantity,Commission,High Limit,Low Limit,Comment,Transaction Type,folio,The data file you were trying to download is temporarily unavailable. Please try downloading again.
DKS,240.05,2025/01/31,16:00 EST,-9.98999,250.04,249.685,238.64,1117195.0,,,,,,,,,watchList0,
OI,11.94,2025/01/31,16:00 EST,0.0599995,11.77,12.205,11.79,1758460.0,,,,,,,,,watchList0,
WORK,,,,,,,,,,,,,,,,,watchList0,
JEF,76.89,2025/01/31,16:00 EST,-0.25,77.49,77.83,76.21,1194596.0,,,,,,,,,watchList0,
OAKMX,159.92,2025/01/31,20:01 EST,-1.2,,,,,,,,,,,,,watchList0,
IUSG,143.0,2025/01/31,16:00 EST,-0.7899933,144.63,145.5,142.81,504836.0,,,,,,,,,watchList0,
LEVI,19.03,2025/01/31,16:00 EST,0.18,18.72,19.67,18.6919,5038169.0,,,,,,,,,watchList0,
SFET,,,,,,,,,,,,,,,,,watchList0,
AM,16.04,2025/01/31,16:00 EST,-0.209999,16.21,16.325,15.97,5204293.0,,,,,,,,,watchList0,
APHA,,,,,,,,,,,,,,,,,watchList0,
TKC,7.39,2025/01/31,16:00 EST,0.0,7.42,7.51,7.37,237584.0,,,,,,,,,watchList0,
SNH,,,,,,,,,,,,,,,,,watchList0,
PHK,4.94,2025/01/31,16:00 EST,0.0100002,4.95,4.9546,4.92,854463.0,,,,,,,,,watchList0,
VZ,39.39,2025/01/31,16:00 EST,-0.0800018,39.57,39.935,39.285,20421941.0,,,,,,,,,watchList0,
JPM,267.3,2025/01/31,16:00 EST,-0.930023,269.23,270.82,267.0,5282793.0,,,,,,,,,watchList0,
SMTA,,,,,,,,,,,,,,,,,watchList0,
YRD,5.68,2025/01/31,16:00 EST,-0.16,5.84,5.85,5.65,70755.0,,,,,,,,,watchList0,
HX,,,,,,,,,,,,,,,,,watchList0,
SOXL,27.02,2025/01/31,16:00 EST,-0.129999,27.63,29.25,26.7,101748238.0,,,,,,,,,watchList0,
BA,176.52,2025/01/31,16:00 EST,-3.00999,180.51,181.78,175.74,5436204.0,,,,,,,,,watchList0,
RMNI,2.88,2025/01/31,16:00 EST,-0.03999996,2.89,2.92,2.823,284573.0,,,,,,,,,watchList0,
DOCU,96.73,2025/01/31,16:00 EST,0.8800049,96.92,98.5999,96.055,2805406.0,,,,,,,,,watchList0,
TXN,184.61,2025/01/31,16:00 EST,0.69999695,183.78,189.03,183.08,6333861.0,,,,,,,,,watchList0,
FIVG,42.32,2024/07/23,16:00 EDT,-0.10300064,42.26,42.26,41.77,30311.0,,,,,,,,,watchList0,
NAV,,,,,,,,,,,,,,,,,watchList0,
EPRT,32.1,2025/01/31,16:00 EST,-0.100002,32.05,32.29,31.59,1027032.0,,,,,,,,,watchList0,
BHF,61.71,2025/01/31,16:00 EST,0.45000076,61.0,63.41,60.78,1428309.0,,,,,,,,,watchList0,
TEAM,306.78,2025/01/31,16:00 EST,39.829987,320.01,324.37,300.79,8332696.0,,,,,,,,,watchList0,
HD,411.98,2025/01/31,16:00 EST,-2.51999,413.17,416.38,410.33,2760739.0,,,,,,,,,watchList0,
FNKO,14.0,2025/01/31,16:00 EST,0.0,13.95,14.13,13.69,961836.0,,,,,,,,,watchList0,
GLD,258.56,2025/01/31,16:00 EST,0.51001,259.08,259.99,257.88,8756612.0,,,,,,,,,watchList0,
EGY,4.1,2025/01/31,16:00 EST,-0.0799999,4.19,4.2,4.05,866066.0,,,,,,,,,watchList0,
AMLP,51.57,2025/01/31,16:00 EST,-0.560001,52.51,52.665,51.535,2096777.0,,,,,,,,,watchList0,
NOK,4.6,2025/01/31,16:00 EST,-0.0999999,4.63,4.71,4.6,22017655.0,,,,,,,,,watchList0,
BKNG,4737.56,2025/01/31,16:00 EST,-36.77002,4796.0,4830.0,4711.04,245373.0,,,,,,,,,watchList0,
NEM,42.72,2025/01/31,16:00 EST,-0.369999,43.49,43.61,42.47,10592750.0,,,,,,,,,watchList0,
NLY,20.41,2025/01/31,16:00 EST,-0.0599995,20.47,20.69,20.255,8681195.0,,,,,,,,,watchList0,
NGG,61.4,2025/01/31,16:00 EST,-0.34,61.8,61.8,61.2607,814582.0,,,,,,,,,watchList0,
WM,220.26,2025/01/31,16:00 EST,-2.17,221.6,222.45,219.705,1947531.0,,,,,,,,,watchList0,
GM,49.46,2025/01/31,16:00 EST,-0.0400009,49.67,51.73,49.18,20546400.0,,,,,,,,,watchList0,
VRSN,215.0,2025/01/31,16:00 EST,0.9900055,215.54,217.66,214.93,689519.0,,,,,,,,,watchList0,
BOX,33.39,2025/01/31,16:00 EST,0.16,33.31,33.53,33.16,1379443.0,,,,,,,,,watchList0,
LB,64.87,2025/01/31,16:00 EST,-0.349998,66.0,67.73,64.0,789370.0,,,,,,,,,watchList0,
MTUM,219.13,2025/01/31,16:00 EST,-0.759995,220.46,222.48,218.9001,1044466.0,,,,,,,,,watchList0,
PWV,59.29,2025/01/31,15:59 EST,-0.450001,59.75,59.82,59.2449,25042.0,,,,,,,,,watchList0,
COUP,,,,,,,,,,,,,,,,,watchList0,
TDOC,10.16,2025/01/31,16:00 EST,-0.18,10.34,10.42,10.03,2909476.0,,,,,,,,,watchList0,
AMN,27.52,2025/01/31,16:00 EST,-0.58,27.99,28.18,27.0,574822.0,,,,,,,,,watchList0,
TVIX,112.36,2020/07/02,16:00 EDT,-5.260002,107.27,114.4197,103.89,4912817.0,,,,,,,,,watchList0,
MAN,60.22,2025/01/31,16:00 EST,-0.489998,60.25,60.95,59.53,2041803.0,,,,,,,,,watchList0,
^TVIX-NV,0.0,2020/07/02,18:01 EDT,0.0,0.0,0.0,0.0,0.0,,,,,,,,,watchList0,
TREX,72.83,2025/01/31,16:00 EST,-1.23,73.92,74.6799,72.72,934860.0,,,,,,,,,watchList0,
TCEHY,53.02,2025/01/31,15:00 EST,-0.040000916,54.51,54.51,52.9,1480820.0,,,,,,,,,watchList0,
OKTA,94.22,2025/01/31,16:00 EST,0.45999908,94.62,95.24,93.73,2712596.0,,,,,,,,,watchList0,
YY,43.35,2025/01/31,16:00 EST,-1.8900032,45.31,45.31,42.93,189971.0,,,,,,,,,watchList0,
DL,,,,,,,,,,,,,,,,,watchList0,
NIO,4.32,2025/01/31,16:00 EST,-0.12,4.43,4.5,4.3,36769067.0,,,,,,,,,watchList0,
JD,40.72,2025/01/31,16:00 EST,-1.579998,41.84,42.02,40.455,11072503.0,,,,,,,,,watchList0,
XLNX,,,,,,,,,,,,,,,,,watchList0,
NLSN,,,,,,,,,,,,,,,,,watchList0,
MHK,122.3,2025/01/31,16:00 EST,-4.18999,125.26,126.37,119.15,918390.0,,,,,,,,,watchList0,
STWD,19.35,2025/01/31,16:00 EST,0.0200005,19.38,19.47,19.235,1462727.0,,,,,,,,,watchList0,
SHOP,116.8,2025/01/31,16:00 EST,-2.38,119.61,121.93,116.54,7202273.0,,,,,,,,,watchList0,
NDGPY,8.1,2025/01/31,15:00 EST,0.0,8.1,8.1,8.1,507.0,,,,,,,,,watchList0,
STT,101.62,2025/01/31,16:00 EST,-0.610001,102.0,102.735,101.195,1664621.0,,,,,,,,,watchList0,
QD,2.82,2025/01/31,16:00 EST,-0.15,2.96,2.9593,2.815,241247.0,,,,,,,,,watchList0,
BOTZ,33.18,2025/01/31,16:00 EST,-0.27000046,33.59,33.88,33.1357,499167.0,,,,,,,,,watchList0,
AAL,16.92,2025/01/31,16:00 EST,0.020000458,16.95,17.23,16.91,30197038.0,,,,,,,,,watchList0,
HSY,149.25,2025/01/31,16:00 EST,-2.89,150.0,151.65,147.66,1922871.0,,,,,,,,,watchList0,
^NDX,21478.047,2025/01/31,17:15 EST,-30.052734,21661.562,21846.012,21425.787,1479942000.0,,,,,,,,,watchList0,
FDGRX,40.89,2025/01/31,20:01 EST,-0.38,,,,,,,,,,,,,watchList0,
ITEQ,54.75,2025/01/31,16:00 EST,0.0999985,55.01,55.415,54.61,4637.0,,,,,,,,,watchList0,
BLK,1075.5,2025/01/31,16:00 EST,3.97998,1074.09,1084.22,1068.76,449435.0,,,,,,,,,watchList0,
AFL,107.38,2025/01/31,16:00 EST,-0.870003,107.84,108.86,107.28,2071270.0,,,,,,,,,watchList0,
CMCSA,33.66,2025/01/31,16:00 EST,0.40999985,33.48,34.01,33.3,39175601.0,,,,,,,,,watchList0,
LDVAX,26.66,2025/01/31,20:01 EST,-0.01,,,,,,,,,,,,,watchList0,
CY,,,,,,,,,,,,,,,,,watchList0,
NVDA,120.07,2025/01/31,16:00 EST,-4.580002,123.81,127.85,119.19,390372899.0,,,,,,,,,watchList0,
TCTZF,52.34,2025/01/31,15:00 EST,0.0,54.5,54.5,54.5,220.0,,,,,,,,,watchList0,
GBTC,80.41,2025/01/31,16:00 EST,-2.77,82.95,84.09,80.37,2865043.0,,,,,,,,,watchList0,
RMHB,0.0057,2025/01/31,15:00 EST,0.00020000013,0.0061,0.0061,0.0055,5850.0,,,,,,,,,watchList0,
TRTC,,,,,,,,,,,,,,,,,watchList0,
VXX,44.12,2025/01/31,16:00 EST,1.44,42.14,44.72,41.92,7265611.0,,,,,,,,,watchList0,
XIV,,,,,,,,,,,,,,,,,watchList0,
TEVA,17.73,2025/01/31,16:00 EST,-0.110001,17.85,18.32,17.73,16157125.0,,,,,,,,,watchList0,
BZUN,3.23,2025/01/31,16:00 EST,-0.119999886,3.16,3.37,3.16,779249.0,,,,,,,,,watchList0,
NXPI,208.55,2025/01/31,16:00 EST,-2.8399963,212.0,215.715,208.31,3020149.0,,,,,,,,,watchList0,
QCOM,172.93,2025/01/31,16:00 EST,1.0,172.51,176.79,172.29,7808977.0,,,,,,,,,watchList0,
SSNLF,40.5999,2025/01/31,15:00 EST,0.0,40.5999,40.5999,40.5999,200.0,,,,,,,,,watchList0,
TQQQ,82.72,2025/01/31,16:00 EST,-0.44999695,84.893,87.09,82.18,59334629.0,,,,,,,,,watchList0,
KR,61.64,2025/01/31,16:00 EST,0.599998,60.78,61.86,60.73,3345646.0,,,,,,,,,watchList0,
ICE,159.83,2025/01/31,16:00 EST,0.389999,159.2,161.18,158.55,2624035.0,,,,,,,,,watchList0,
USCR,,,,,,,,,,,,,,,,,watchList0,
DXCM,86.83,2025/01/31,16:00 EST,-0.7900009,86.87,88.23,86.59,2339488.0,,,,,,,,,watchList0,
GPN,112.85,2025/01/31,16:00 EST,-0.0600052,113.38,114.17,112.36,1621550.0,,,,,,,,,watchList0,
SDS,18.77,2025/01/31,16:00 EST,0.23,18.42,18.805,18.26,16603305.0,,,,,,,,,watchList0,
FTR,,,,,,,,,,,,,,,,,watchList0,
WBMD,,2019/06/28,18:07 EDT,,,,,,,,,,,,,,watchList0,
SLB,40.28,2025/01/31,16:00 EST,-0.740002,41.18,41.29,39.8599,13099250.0,,,,,,,,,watchList0,
A,151.52,2025/01/31,16:00 EST,0.139999,150.96,153.815,150.5,1886553.0,,,,,,,,,watchList0,
ENB,43.24,2025/01/31,16:00 EST,-1.26,44.5,44.56,43.12,5270707.0,,,,,,,,,watchList0,
SWKS,88.76,2025/01/31,16:00 EST,-0.6399994,89.59,90.68,87.66,2783675.0,,,,,,,,,watchList0,
MDT,90.82,2025/01/31,16:00 EST,-1.17,91.72,92.1,90.65,7214242.0,,,,,,,,,watchList0,
ISRG,571.88,2025/01/31,16:00 EST,-8.299988,576.74,586.89,570.86,1828397.0,,,,,,,,,watchList0,
MZOR,,2019/06/28,18:07 EDT,,,,,,,,,,,,,,watchList0,
^VIX,16.43,2025/01/31,15:15 CST,0.59000015,15.45,17.09,14.9,0.0,,,,,,,,,watchList0,
LOW,260.04,2025/01/31,16:00 EST,-3.95999,262.28,264.18,259.605,1195422.0,,,,,,,,,watchList0,
HSIC,80.0,2025/01/31,16:00 EST,-0.02999878,79.77,81.0,79.125,1282001.0,,,,,,,,,watchList0,
AKAM,99.9,2025/01/31,16:00 EST,-1.5800018,101.95,102.37,99.77,1526484.0,,,,,,,,,watchList0,
COST,979.88,2025/01/31,16:00 EST,0.8699951,976.18,990.87,975.78,1624235.0,,,,,,,,,watchList0,
ADBE,437.45,2025/01/31,16:00 EST,-8.549988,445.0001,447.0095,435.83,4689083.0,,,,,,,,,watchList0,
NVG,12.61,2025/01/31,16:00 EST,0.13,12.53,12.64,12.515,561621.0,,,,,,,,,watchList0,
NZF,12.58,2025/01/31,16:00 EST,0.15,12.48,12.58,12.45,492766.0,,,,,,,,,watchList0,
AVGO,221.27,2025/01/31,16:00 EST,5.6100006,219.66,226.8,216.3,41150975.0,,,,,,,,,watchList0,
XPO,133.67,2025/01/31,16:00 EST,-2.8,137.36,138.02,132.38,1501151.0,,,,,,,,,watchList0,
GSK,35.27,2025/01/31,16:00 EST,-0.0900002,35.19,35.52,35.055,5112044.0,,,,,,,,,watchList0,
PAH,,2019/06/28,18:07 EDT,,,,,,,,,,,,,,watchList0,
SKX,75.34,2025/01/31,16:00 EST,-2.9,75.91,77.46,75.24,1607692.0,,,,,,,,,watchList0,
NTNX,68.765,2025/01/31,16:00 EST,0.75499725,68.5,69.98,68.08,3346158.0,,,,,,,,,watchList0,
VTI,298.6,2025/01/31,16:00 EST,-1.63998,301.22,302.595,298.2301,3326459.0,,,,,,,,,watchList0,
CG,56.16,2025/01/31,16:00 EST,-0.15000153,56.6,57.38,56.09,1453521.0,,,,,,,,,watchList0,
INDL,55.58,2025/01/31,16:00 EST,0.150002,56.1,56.1161,55.53,46560.0,,,,,,,,,watchList0,
AMAT,180.35,2025/01/31,16:00 EST,-1.3699951,182.62,186.44,180.0612,5902833.0,,,,,,,,,watchList0,
WB,9.82,2025/01/31,16:00 EST,-0.5100002,10.25,10.255,9.75,1230483.0,,,,,,,,,watchList0,
GIS,60.14,2025/01/31,16:00 EST,-0.510002,60.22,60.81,60.05,4017469.0,,,,,,,,,watchList0,
CPB,38.77,2025/01/31,16:00 EST,-0.8499985,39.25,39.3752,38.58,7371515.0,,,,,,,,,watchList0,
UL,57.38,2025/01/31,16:00 EST,-0.919998,57.67,57.96,57.365,1638062.0,,,,,,,,,watchList0,
KHC,29.84,2025/01/31,16:00 EST,-0.4300003,30.0,30.21,29.76,7491084.0,,,,,,,,,watchList0,
MDLZ,57.99,2025/01/31,16:00 EST,-0.41999817,57.08,58.46,57.08,10121979.0,,,,,,,,,watchList0,
IP,55.63,2025/01/31,16:01 EST,-1.42,56.15,58.11,55.34,36747742.0,,,,,,,,,watchList0,
GNC,,,,,,,,,,,,,,,,,watchList0,
BTI,39.64,2025/01/31,16:00 EST,-0.0400009,39.7,39.85,39.55,2141865.0,,,,,,,,,watchList0,
EQR,70.63,2025/01/31,16:00 EST,0.889999,69.7,70.95,69.63,2584175.0,,,,,,,,,watchList0,
M,15.58,2025/01/31,16:00 EST,-0.190001,15.8,15.935,15.48,6018506.0,,,,,,,,,watchList0,
AIG,73.66,2025/01/31,16:00 EST,-1.75999,75.0,75.36,73.4,4453549.0,,,,,,,,,watchList0,
MUSA,502.91,2025/01/31,16:00 EST,-0.720001,502.49,505.5,497.54,284405.0,,,,,,,,,watchList0,
BBVA,11.34,2025/01/31,16:00 EST,-0.41,11.54,11.57,11.3242,2941288.0,,,,,,,,,watchList0,
CHU,,,,,,,,,,,,,,,,,watchList0,
CHL,,,,,,,,,,,,,,,,,watchList0,
CEA,,,,,,,,,,,,,,,,,watchList0,
VIVAX,68.95,2025/01/31,20:02 EST,-0.4,,,,,,,,,,,,,watchList0,
WING,297.9,2025/01/31,16:00 EST,-7.860016,304.06,306.37,296.995,517697.0,,,,,,,,,watchList0,
WBA,10.28,2025/01/31,16:00 EST,-1.1800003,9.93,10.75,9.52,91510553.0,,,,,,,,,watchList0,
ADSK,311.34,2025/01/31,16:00 EST,1.3899841,311.77,317.05,311.025,1285325.0,,,,,,,,,watchList0,
LULU,414.2,2025/01/31,16:00 EST,-6.9599915,419.11,422.87,412.0,1297961.0,,,,,,,,,watchList0,
UA,7.53,2025/01/31,16:00 EST,-0.26,7.74,7.76,7.5011,2906506.0,,,,,,,,,watchList0,
NUE,128.43,2025/01/31,16:00 EST,-0.25,128.32,131.46,126.66,2601149.0,,,,,,,,,watchList0,
CSCO,60.6,2025/01/31,16:00 EST,0.12999725,60.5,61.19,60.455,16555695.0,,,,,,,,,watchList0,
URI,758.06,2025/01/31,16:00 EST,-16.02,781.61,781.496,749.56,951168.0,,,,,,,,,watchList0,
MMP,,,,,,,,,,,,,,,,,watchList0,
MMM,152.2,2025/01/31,16:00 EST,-2.2,154.99,155.0,152.13,2874339.0,,,,,,,,,watchList0,
IDTI,,,,,,,,,,,,,,,,,watchList0,
AMT,184.95,2025/01/31,16:00 EST,-0.87001,185.28,187.63,184.34,1570193.0,,,,,,,,,watchList0,
UNH,542.49,2025/01/31,16:00 EST,-3.08002,543.24,549.16,541.41,2075013.0,,,,,,,,,watchList0,
CRM,341.7,2025/01/31,16:00 EST,-1.87,348.0,349.5,340.1,4453658.0,,,,,,,,,watchList0,
N,,2019/06/28,18:07 EDT,,,,,,,,,,,,,,watchList0,
SBUX,107.68,2025/01/31,16:00 EST,-1.3199997,109.0,109.36,107.495,19142472.0,,,,,,,,,watchList0,
AMBA,76.72,2025/01/31,16:00 EST,-1.4300003,78.3,79.7895,76.19,518475.0,,,,,,,,,watchList0,
QQQ,522.29,2025/01/31,16:00 EST,-0.76000977,526.92,531.5178,521.19,38845467.0,,,,,,,,,watchList0,
ETSY,54.91,2025/01/31,16:00 EST,-1.1500015,56.19,56.47,54.6625,2033970.0,,,,,,,,,watchList0,
AGN,,,,,,,,,,,,,,,,,watchList0,
TWLO,146.58,2025/01/31,16:00 EST,-1.77,150.0,151.95,146.0,3727312.0,,,,,,,,,watchList0,
GILD,97.2,2025/01/31,16:00 EST,0.25,96.73,98.365,96.43,9419694.0,,,,,,,,,watchList0,
INTU,601.51,2025/01/31,16:00 EST,-3.0899658,604.88,610.9,599.86,1640288.0,,,,,,,,,watchList0,
EBIX,,,,,,,,,,,,,,,,,watchList0,
ROVI,,2019/06/28,18:07 EDT,,,,,,,,,,,,,,watchList0,
STJ,,2019/06/28,18:07 EDT,,,,,,,,,,,,,,watchList0,
BCS,14.68,2025/01/31,16:00 EST,-0.12,14.76,14.86,14.64,14812714.0,,,,,,,,,watchList0,
NEWR,,,,,,,,,,,,,,,,,watchList0,
CYBR,370.98,2025/01/31,16:00 EST,-0.6499939,373.56,378.62,368.97,341974.0,,,,,,,,,watchList0,
GS,640.4,2025/01/31,16:00 EST,-5.29999,650.0,650.0,637.44,1493621.0,,,,,,,,,watchList0,
PUK,16.63,2025/01/31,16:00 EST,-0.550001,16.86,16.91,16.6,746205.0,,,,,,,,,watchList0,
MRK,98.82,2025/01/31,16:01 EST,-0.129997,99.1,100.06,98.58,7141001.0,,,,,,,,,watchList0,
CMG,58.35,2025/01/31,16:00 EST,-0.640003,59.075,59.075,58.2,6046380.0,,,,,,,,,watchList0,
META,689.18,2025/01/31,16:00 EST,2.1799927,691.69,705.2999,685.58,19331660.0,,,,,,,,,watchList0,
BIDU,90.6,2025/01/31,16:00 EST,-4.169998,94.53,94.85,90.0,7057467.0,,,,,,,,,watchList0,
IBM,255.7,2025/01/31,16:00 EST,-2.56999,256.05,257.235,251.9254,7196689.0,,,,,,,,,watchList0,
YINN,31.24,2025/01/31,16:00 EST,-2.02,33.17,33.29,30.94,7840483.0,,,,,,,,,watchList0,
HAL,26.02,2025/01/31,16:00 EST,-0.52,26.58,26.64,25.82,10078899.0,20250202.0,26.02,1.0,0.0,,,,,watchList0,
OIL,28.42,2023/06/08,10:08 EDT,0.27,28.31,28.4498,28.1044,10303.0,,,,,,,,,watchList0,
MSFT,415.06,2025/01/31,16:00 EST,0.070007324,418.73,420.68,414.91,34223388.0,,,,,,,,,watchList0,
CLM15.NYM,58.57,2015/04/30,01:37 EDT,-0.010002136,58.55,58.74,58.38,7574.0,,,,,,,,,watchList0,
USO,78.02,2025/01/31,16:00 EST,0.269997,77.6,78.25,76.76,3501047.0,,,,,,,,,watchList0,
SONC,,2019/06/28,18:07 EDT,,,,,,,,,,,,,,watchList0,
BABA,98.84,2025/01/31,16:00 EST,-3.9,102.0,102.5,98.13,36307043.0,,,,,,,,,watchList0,
UWTI,,,,,,,,,,,,,,,,,watchList0,
LOCO,11.87,2025/01/31,16:00 EST,-0.05000019,11.89,11.9507,11.7201,202472.0,,,,,,,,,watchList0,
EXC,40.0,2025/01/31,16:00 EST,-0.020000458,39.99,40.23,39.89,7144082.0,,,,,,,,,watchList0,
LL,,,,,,,,,,,,,,,,,watchList0,
CHUY,,,,,,,,,,,,,,,,,watchList0,
KND,,2019/06/28,18:07 EDT,,,,,,,,,,,,,,watchList0,
SPY,601.82,2025/01/31,16:00 EST,-3.21997,607.5,609.96,601.05,66353260.0,,,,,,,,,watchList0,
RGDX,,2019/06/28,18:07 EDT,,,,,,,,,,,,,,watchList0,
INTC,19.43,2025/01/31,16:00 EST,-0.5799999,20.09,20.33,19.38,117474899.0,,,,,,,,,watchList0,
GENE,0.765,2024/11/14,16:00 EST,0.0,0.0,0.765,0.765,0.0,,,,,,,,,watchList0,
JNUG,45.76,2025/01/31,16:00 EST,-1.5,47.69,47.78,45.47,608560.0,,,,,,,,,watchList0,
F,10.08,2025/01/31,16:00 EST,-0.0799999,10.17,10.35,9.99,92762833.0,,,,,,,,,watchList0,
UPS,114.23,2025/01/31,16:01 EST,-0.669998,115.01,116.59,113.3601,14564284.0,,,,,,,,,watchList0,
PFE,26.52,2025/01/31,16:00 EST,-0.389999,26.96,27.01,26.42,37269448.0,,,,,,,,,watchList0,
EMES,,,,,,,,,,,,,,,,,watchList0,
CTRP,,,,,,,,,,,,,,,,,watchList0,
FDX,264.87,2025/01/31,16:00 EST,-4.37,270.1,270.99,263.79,1862871.0,,,,,,,,,watchList0,
W,48.37,2025/01/31,16:00 EST,-1.73,50.33,51.1578,47.14,3374184.0,,,,,,,,,watchList0,
BP,31.06,2025/01/31,16:00 EST,-0.550001,31.66,31.66,30.925,8747851.0,,,,,,,,,watchList0,
AMZN,237.68,2025/01/31,16:00 EST,3.0399933,236.595,240.29,236.465,36162377.0,,,,,,,,,watchList0,
CAT,371.44,2025/01/31,16:00 EST,-3.54001,377.46,378.0,371.3,2857558.0,,,,,,,,,watchList0,
PG,165.99,2025/01/31,16:01 EST,-1.42,166.0,166.62,165.24,3430959.0,,,,,,,,,watchList0,
NIHD,,,,,,,,,,,,,,,,,watchList0,
HQY,110.42,2025/01/31,16:00 EST,-0.15000153,110.22,111.585,109.11,809874.0,,,,,,,,,watchList0,
SYF,68.98,2025/01/31,16:00 EST,-0.489998,69.81,70.28,68.6474,3345572.0,,,,,,,,,watchList0,
KO,63.48,2025/01/31,16:00 EST,-0.570004,63.7,63.93,63.395,8468401.0,,,,,,,,,watchList0,
T,23.73,2025/01/31,16:01 EST,-0.290001,24.01,24.14,23.66,30438003.0,,,,,,,,,watchList0,
GE,203.57,2025/01/31,16:00 EST,-2.0,205.84,205.86,203.07,5503321.0,,,,,,,,,watchList0,
BAC,46.3,2025/01/31,16:00 EST,-0.420002,46.7,46.825,46.16,30381092.0,,,,,,,,,watchList0,
WMT,98.16,2025/01/31,16:00 EST,-0.489998,99.0,98.96,97.7,9744712.0,,,,,,,,,watchList0,
AAPL,236.0,2025/01/31,16:00 EST,-1.5899963,247.04,247.19,233.44,101075128.0,,,,,,,,,watchList0,
FSLR,167.52,2025/01/31,16:00 EST,0.13000488,166.3,169.77,166.08,1794443.0,,,,,,,,,watchList0,
TGT,137.91,2025/01/31,16:00 EST,-2.53,140.11,140.36,137.44,4052704.0,,,,,,,,,watchList0,
FCEL,7.68,2025/01/31,16:00 EST,-0.09000015,7.81,8.0749,7.56,911866.0,,,,,,,,,watchList0,
DFS,201.09,2025/01/31,16:00 EST,-1.39,202.06,203.89,200.76,1170190.0,,,,,,,,,watchList0,
RAD,,,,,,,,,,,,,,,,,watchList0,
TWTR,,,,,,,,,,,,,,,,,watchList0,
JCP,,,,,,,,,,,,,,,,,watchList0,
FNMA,5.49,2025/01/31,15:00 EST,-0.010000229,5.66,5.69,5.45,1693879.0,,,,,,,,,watchList0,
PM,130.2,2025/01/31,16:00 EST,-0.12001,129.99,131.155,129.51,2905672.0,,,,,,,,,watchList0,
MO,52.23,2025/01/31,16:00 EST,0.689999,51.3,52.455,51.3,6371059.0,,,,,,,,,watchList0,
HBI,8.12,2025/01/31,16:00 EST,-0.36,8.42,8.45,8.11,4879182.0,,,,,,,,,retail,
CPNG,23.51,2025/01/31,16:00 EST,-0.0900002,23.6,23.781,23.415,7090906.0,,,,,,,,,retail,
CXW,20.46,2025/01/31,16:00 EST,-0.25,20.6,20.83,20.3,1501976.0,,,,,,,,,retail,
WRK,,,,,,,,,,,,,,,,,retail,
ASO,52.31,2025/01/31,16:00 EST,-2.369999,54.33,54.7688,51.9,1846888.0,,,,,,,,,retail,
PLUG,1.86,2025/01/31,16:00 EST,-0.059999943,1.95,1.98,1.85,68951392.0,,,,,,,,,transport,
NSC,255.3,2025/01/31,16:00 EST,-1.90001,257.16,260.24,255.25,1378135.0,,,,,,,,,transport,
PAG,165.63,2025/01/31,16:00 EST,-2.51999,167.19,168.17,165.01,169506.0,,,,,,,,,transport,
APTV,62.42,2025/01/31,16:00 EST,-0.490002,62.6,63.76,61.62,4074620.0,,,,,,,,,transport,
ABML,,,,,,,,,,,,,,,,,transport,
AER,95.6,2025/01/31,16:00 EST,0.199997,95.42,96.53,94.99,1436169.0,,,,,,,,,transport,
SABR,3.35,2025/01/31,16:00 EST,-0.0400002,3.4,3.48,3.3,3061989.0,,,,,,,,,transport,
WKHS,0.5158,2025/01/31,16:00 EST,-0.007499993,0.52,0.549,0.4906,2653206.0,,,,,,,,,transport,
BLNK,1.22,2025/01/31,16:00 EST,-0.01999998,1.24,1.28,1.2,3239730.0,,,,,,,,,transport,
IYT,70.16,2025/01/31,16:00 EST,-0.579994,70.93,71.19,70.01,304542.0,,,,,,,,,transport,
CNI,104.51,2025/01/31,16:00 EST,-0.689995,104.0,106.89,103.25,2311540.0,,,,,,,,,transport,
TPR,72.94,2025/01/31,16:00 EST,-2.97,74.88,75.2,72.17,6637839.0,,,,,,,,,clothing,
GOOS,10.95,2025/01/31,16:00 EST,-0.66,11.54,11.5463,10.915,670307.0,,,,,,,,,clothing,
RGR,35.6,2025/01/31,16:00 EST,-0.560001,35.92,36.0659,35.21,159210.0,,,,,,,,,clothing,
SWBI,10.49,2025/01/31,16:00 EST,-0.05000019,10.51,10.61,10.4,398200.0,,,,,,,,,clothing,
GAP,24.07,2025/01/31,16:00 EST,-0.550001,24.66,24.89,23.8708,4548906.0,,,,,,,,,clothing,
SE,121.79,2025/01/31,16:00 EST,-1.59,125.01,126.12,121.7,4026643.0,,,,,,,,,fastGrow,
RBLX,71.07,2025/01/31,16:00 EST,-0.309998,71.5,71.89,70.25,9052127.0,,,,,,,,,fastGrow,
RUN,9.05,2025/01/31,16:00 EST,-0.3699999,9.4,9.61,8.94,9840731.0,,,,,,,,,fastGrow,
PD,18.52,2025/01/31,16:00 EST,0.0699997,18.68,19.0,18.47,1006784.0,,,,,,,,,fastGrow,
ENPH,62.28,2025/01/31,16:00 EST,0.22999954,63.0,65.06,61.75,3539902.0,,,,,,,,,fastGrow,
PINS,32.96,2025/01/31,16:00 EST,0.0299988,33.17,33.705,32.905,6732957.0,,,,,,,,,fastGrow,
CRWD,398.07,2025/01/31,16:00 EST,1.2000122,398.4,408.1,397.35,3126181.0,,,,,,,,,fastGrow,
LK,,,,,,,,,,,,,,,,,fastGrow,
JMIA,3.99,2025/01/31,16:00 EST,-0.22,4.24,4.33,3.95,3735789.0,,,,,,,,,fastGrow,
XPO,133.67,2025/01/31,16:00 EST,-2.8,137.36,138.02,132.38,1501151.0,,,,,,,,,fastGrow,
LN,,,,,,,,,,,,,,,,,fastGrow,
STNE,9.17,2025/01/31,16:00 EST,-0.34000015,9.6,9.6,9.17,4489667.0,,,,,,,,,fastGrow,
CTB,,,,,,,,,,,,,,,,,tires,
BRDCY,17.9,2025/01/31,15:50 EST,-0.5100002,18.04,18.11,17.9,5304.0,,,,,,,,,tires,
CTTAY,7.04,2025/01/31,15:38 EST,-0.119999886,7.08,7.1,7.04,5393.0,,,,,,,,,tires,
ML.PA,33.6,2025/01/31,17:35 CET,-0.040000916,33.63,33.64,33.41,1570009.0,,,,,,,,,tires,
GT,8.87,2025/01/31,16:00 EST,-0.35999966,9.2,9.215,8.76,5637511.0,,,,,,,,,tires,
ERI,,,,,,,,,,,,,,,,,casino,
CZR,36.05,2025/01/31,16:00 EST,-0.1800003,36.325,36.6,35.865,2896849.0,,,,,,,,,casino,
MGM,34.48,2025/01/31,16:00 EST,-0.0699997,34.55,34.88,34.17,4994388.0,,,,,,,,,casino,
^N225,38546.61,2025/02/02,12:57 JST,-1025.8789,38932.66,38948.61,38454.38,0.0,,,,,,,,,otc,
PBR,14.21,2025/01/31,16:00 EST,0.0799999,14.25,14.56,14.14,19192091.0,,,,,,,,,otc,
VWAPY,10.1,2025/01/31,15:59 EST,-0.03999996,10.13,10.2,10.09,28291.0,,,,,,,,,otc,
VLKAF,104.2,2025/01/31,10:16 EST,0.29999542,104.2,104.2,104.2,5.0,,,,,,,,,otc,
23981.HK,1.5,2025/01/17,15:53 HKT,0.26999998,1.42,1.53,1.37,185000.0,,,,,,,,,otc,
RYSAS.IS,18.98,2025/01/31,18:09 TRT,-0.21000099,19.19,19.21,18.37,3891419.0,,,,,,,,,otc,
WMMVF,2.62,2025/01/31,15:22 EST,-0.11000013,2.62,2.62,2.62,500.0,,,,,,,,,otc,
KNBWY,12.59,2025/01/31,15:59 EST,-0.19999981,12.7,12.7,12.59,10798.0,,,,,,,,,otc,
IMPUY,5.58,2025/01/31,15:58 EST,0.21999979,5.53,5.62,5.5,16924.0,,,,,,,,,otc,
FSUGY,23.53,2025/01/31,15:58 EST,-0.55999947,23.8,23.94,23.52,4348.0,,,,,,,,,otc,
JPXGY,10.49,2025/01/31,15:00 EST,-0.09000015,10.63,10.66,10.56,4288.0,,,,,,,,,otc,
CPOP,0.67,2025/01/31,16:00 EST,-0.25619996,0.95,0.9529,0.61,664171.0,,,,,,,,,otc,
SSL,4.7,2025/01/31,16:00 EST,-0.12,4.69,4.77,4.6791,1190553.0,,,,,,,,,otc,
3188.HK,41.58,2025/02/02,11:53 HKT,-0.87999725,41.96,41.96,41.16,1304800.0,,,,,,,,,otc,
DNFGF,0.36,2025/01/31,15:00 EST,0.0,0.5274,0.5274,0.5274,5000.0,,,,,,,,,otc,
TRIT,,,,,,,,,,,,,,,,,otc,
HYPMY,3.09,2025/01/31,13:28 EST,-0.0400002,3.12,3.12,3.09,800.0,,,,,,,,,otc,
CIOXY,,,,,,,,,,,,,,,,,otc,
LNVGY,24.12,2025/01/31,15:00 EST,0.020000458,24.0,24.35,24.0,2268.0,,,,,,,,,otc,
GAZP.ME,198.0,2022/07/08,18:49 MSK,0.08000183,200.0,201.87,196.57,28893760.0,,,,,,,,,otc,
OGZPY,,,,,,,,,,,,,,,,,otc,
LUKOY,,,,,,,,,,,,,,,,,otc,
EADSY,43.15,2025/01/31,15:58 EST,-0.0399971,43.55,43.57,43.09,18110.0,,,,,,,,,otc,
SIEGY,106.85,2025/01/31,15:00 EST,0.15000153,107.55,108.25,106.5,65257.0,,,,,,,,,otc,
SDXAY,14.79,2025/01/31,15:00 EST,0.010000229,14.95,14.95,14.78,8295.0,,,,,,,,,otc,
KHOLY,24.05,2025/01/31,15:00 EST,0.0,23.83,23.83,23.83,100.0,,,,,,,,,otc,
SFBTF,,,,,,,,,,,,,,,,,otc,
SFTBF,62.5,2025/01/31,13:24 EST,0.5,62.85,62.98,62.3,6297.0,,,,,,,,,otc,
PNGAY,11.3,2025/01/31,15:00 EST,-0.010000229,11.51,11.54,11.24,30882.0,,,,,,,,,otc,
HMI,,,,,,,,,,,,,,,,,otc,
TEF,4.04,2025/01/31,16:00 EST,-0.04,4.07,4.075,4.0229,546310.0,,,,,,,,,otc,
HTHT,32.14,2025/01/31,16:00 EST,-1.2700005,33.42,33.43,32.11,749018.0,,,,,,,,,otc,
TKGBY,3.48,2025/01/31,15:00 EST,0.0,3.65,3.65,3.65,175.0,,,,,,,,,otc,
AKBTY,3.52,2025/01/31,15:00 EST,0.0,3.58,3.58,3.58,4.0,,,,,,,,,otc,
AEBZY,0.9,2025/01/31,15:00 EST,0.00999999,0.94,0.94,0.89,127368.0,,,,,,,,,otc,
ANZFF,0.3489,2025/01/31,15:00 EST,0.0,0.31,0.31,0.31,3317.0,,,,,,,,,otc,
WUBA,,,,,,,,,,,,,,,,,otc,
MELI,1922.19,2025/01/31,16:00 EST,-25.130005,1950.0,1974.16,1918.96,281361.0,,,,,,,,,otc,
TSEM,48.89,2025/01/31,16:00 EST,0.20999908,49.24,50.71,48.815,628962.0,,,,,,,,,otc,
LND,3.84,2025/01/31,15:53 EST,-0.00999999,3.89,3.93,3.835,33489.0,,,,,,,,,otc,
TSM,209.32,2025/01/31,16:00 EST,1.17001,209.93,215.0,208.2,13910400.0,,,,,,,,,otc,
ICAGY,8.3,2025/01/31,15:00 EST,-0.029999733,8.39,8.45,8.33,29257.0,,,,,,,,,otc,
DLAKY,6.45,2025/01/31,15:53 EST,-0.09000015,6.47,6.49,6.43,46810.0,,,,,,,,,otc,
CTTAY,7.04,2025/01/31,15:38 EST,-0.119999886,7.08,7.1,7.04,5393.0,,,,,,,,,otc,
JBSAY,12.16,2025/01/31,15:47 EST,0.119999886,12.1,12.24,12.0,6983.0,,,,,,,,,otc,
RGTI,13.17,2025/01/31,16:00 EST,0.8699999,12.3,14.58,12.27,200813639.0,,,,,,,,,quantum,
QSI,1.98,2025/01/31,16:00 EST,0.01999998,1.95,2.12,1.9,12404205.0,,,,,,,,,quantum,
QUBT,10.38,2025/01/31,16:00 EST,0.3800001,10.01,11.45,9.95,23196848.0,,,,,,,,,quantum,
APLD,7.12,2025/01/31,16:00 EST,-0.26000023,7.5,7.88,7.08,23591440.0,,,,,,,,,following,
INSW,38.95,2025/01/31,16:00 EST,-0.0400009,39.1,39.76,38.25,864343.0,,,,,,,,,following,
BBAI,4.24,2025/01/31,16:00 EST,0.12,4.25,4.53,4.12,40549024.0,,,,,,,,,following,
OXY,46.65,2025/01/31,16:00 EST,-2.27,48.19,48.21,46.6,15736346.0,,,,,,,,,following,
FFBB,87.0,2025/01/31,15:00 EST,-0.08999634,87.25,87.5,86.55,2287.0,,,,,,,,,following,
MCHI,48.41,2025/01/31,16:00 EST,-1.0200005,49.35,49.4,48.255,5020053.0,,,,,,,,,following,
MO,52.23,2025/01/31,16:00 EST,0.689999,51.3,52.455,51.3,6371059.0,,,,,,,,,following,
PM,130.2,2025/01/31,16:00 EST,-0.12001,129.99,131.155,129.51,2905672.0,,,,,,,,,following,
FNMA,5.49,2025/01/31,15:00 EST,-0.010000229,5.66,5.69,5.45,1693879.0,,,,,,,,,following,
RAD,,,,,,,,,,,,,,,,,following,
FCEL,7.68,2025/01/31,16:00 EST,-0.09000015,7.81,8.0749,7.56,911866.0,,,,,,,,,following,
TGT,137.91,2025/01/31,16:00 EST,-2.53,140.11,140.36,137.44,4052704.0,,,,,,,,,following,
FSLR,167.52,2025/01/31,16:00 EST,0.13000488,166.3,169.77,166.08,1794443.0,,,,,,,,,following,
AAPL,236.0,2025/01/31,16:00 EST,-1.5899963,247.04,247.19,233.44,101075128.0,,,,,,,,,following,
WMT,98.16,2025/01/31,16:00 EST,-0.489998,99.0,98.96,97.7,9744712.0,,,,,,,,,following,
BAC,46.3,2025/01/31,16:00 EST,-0.420002,46.7,46.825,46.16,30381092.0,,,,,,,,,following,
GE,203.57,2025/01/31,16:00 EST,-2.0,205.84,205.86,203.07,5503321.0,,,,,,,,,following,
T,23.73,2025/01/31,16:01 EST,-0.290001,24.01,24.14,23.66,30438003.0,,,,,,,,,following,
KO,63.48,2025/01/31,16:00 EST,-0.570004,63.7,63.93,63.395,8468401.0,,,,,,,,,following,
SYF,68.98,2025/01/31,16:00 EST,-0.489998,69.81,70.28,68.6474,3345572.0,,,,,,,,,following,
HQY,110.42,2025/01/31,16:00 EST,-0.15000153,110.22,111.585,109.11,809874.0,,,,,,,,,following,
NIHD,,,,,,,,,,,,,,,,,following,
PG,165.99,2025/01/31,16:01 EST,-1.42,166.0,166.62,165.24,3430959.0,,,,,,,,,following,
CAT,371.44,2025/01/31,16:00 EST,-3.54001,377.46,378.0,371.3,2857558.0,,,,,,,,,following,
AMZN,237.68,2025/01/31,16:00 EST,3.0399933,236.595,240.29,236.465,36162377.0,,,,,,,,,following,
BP,31.06,2025/01/31,16:00 EST,-0.550001,31.66,31.66,30.925,8747851.0,,,,,,,,,following,
W,48.37,2025/01/31,16:00 EST,-1.73,50.33,51.1578,47.14,3374184.0,,,,,,,,,following,
FDX,264.87,2025/01/31,16:00 EST,-4.37,270.1,270.99,263.79,1862871.0,,,,,,,,,following,
PFE,26.52,2025/01/31,16:00 EST,-0.389999,26.96,27.01,26.42,37269448.0,,,,,,,,,following,
UPS,114.23,2025/01/31,16:01 EST,-0.669998,115.01,116.59,113.3601,14564284.0,,,,,,,,,following,
F,10.08,2025/01/31,16:00 EST,-0.0799999,10.17,10.35,9.99,92762833.0,,,,,,,,,following,
JNUG,45.76,2025/01/31,16:00 EST,-1.5,47.69,47.78,45.47,608560.0,,,,,,,,,following,
GENE,0.765,2024/11/14,16:00 EST,0.0,0.0,0.765,0.765,0.0,,,,,,,,,following,
INTC,19.43,2025/01/31,16:00 EST,-0.5799999,20.09,20.33,19.38,117474899.0,,,,,,,,,following,
SPY,601.82,2025/01/31,16:00 EST,-3.21997,607.5,609.96,601.05,66353260.0,,,,,,,,,following,
CHUY,,,,,,,,,,,,,,,,,following,
LL,,,,,,,,,,,,,,,,,following,
LOCO,11.87,2025/01/31,16:00 EST,-0.05000019,11.89,11.9507,11.7201,202472.0,,,,,,,,,following,
BABA,98.84,2025/01/31,16:00 EST,-3.9,102.0,102.5,98.13,36307043.0,,,,,,,,,following,
USO,78.02,2025/01/31,16:00 EST,0.269997,77.6,78.25,76.76,3501047.0,,,,,,,,,following,
CLM15.NYM,58.57,2015/04/30,01:37 EDT,-0.010002136,58.55,58.74,58.38,7574.0,,,,,,,,,following,
MSFT,415.06,2025/01/31,16:00 EST,0.070007324,418.73,420.68,414.91,34223388.0,,,,,,,,,following,
OIL,28.42,2023/06/08,10:08 EDT,0.27,28.31,28.4498,28.1044,10303.0,,,,,,,,,following,
HAL,26.02,2025/01/31,16:00 EST,-0.52,26.58,26.64,25.82,10078899.0,,,,,,,,,following,
YINN,31.24,2025/01/31,16:00 EST,-2.02,33.17,33.29,30.94,7840483.0,,,,,,,,,following,
IBM,255.7,2025/01/31,16:00 EST,-2.56999,256.05,257.235,251.9254,7196689.0,,,,,,,,,following,
BIDU,90.6,2025/01/31,16:00 EST,-4.169998,94.53,94.85,90.0,7057467.0,,,,,,,,,following,
META,689.18,2025/01/31,16:00 EST,2.1799927,691.69,705.2999,685.58,19331660.0,,,,,,,,,following,
CMG,58.35,2025/01/31,16:00 EST,-0.640003,59.075,59.075,58.2,6046380.0,,,,,,,,,following,
MRK,98.82,2025/01/31,16:01 EST,-0.129997,99.1,100.06,98.58,7141001.0,,,,,,,,,following,
PUK,16.63,2025/01/31,16:00 EST,-0.550001,16.86,16.91,16.6,746205.0,,,,,,,,,following,
GS,640.4,2025/01/31,16:00 EST,-5.29999,650.0,650.0,637.44,1493621.0,,,,,,,,,following,
CYBR,370.98,2025/01/31,16:00 EST,-0.6499939,373.56,378.62,368.97,341974.0,,,,,,,,,following,
NEWR,,,,,,,,,,,,,,,,,following,
BCS,14.68,2025/01/31,16:00 EST,-0.12,14.76,14.86,14.64,14812714.0,,,,,,,,,following,
STJ,,2019/06/28,18:07 EDT,,,,,,,,,,,,,,following,
EBIX,,,,,,,,,,,,,,,,,following,
INTU,601.51,2025/01/31,16:00 EST,-3.0899658,604.88,610.9,599.86,1640288.0,,,,,,,,,following,
GILD,97.2,2025/01/31,16:00 EST,0.25,96.73,98.365,96.43,9419694.0,,,,,,,,,following,
TWLO,146.58,2025/01/31,16:00 EST,-1.77,150.0,151.95,146.0,3727312.0,,,,,,,,,following,
AGN,,,,,,,,,,,,,,,,,following,
ETSY,54.91,2025/01/31,16:00 EST,-1.1500015,56.19,56.47,54.6625,2033970.0,,,,,,,,,following,
QQQ,522.29,2025/01/31,16:00 EST,-0.76000977,526.92,531.5178,521.19,38845467.0,,,,,,,,,following,
AMBA,76.72,2025/01/31,16:00 EST,-1.4300003,78.3,79.7895,76.19,518475.0,,,,,,,,,following,
SBUX,107.68,2025/01/31,16:00 EST,-1.3199997,109.0,109.36,107.495,19142472.0,,,,,,,,,following,
N,,2019/06/28,18:07 EDT,,,,,,,,,,,,,,following,
CRM,341.7,2025/01/31,16:00 EST,-1.87,348.0,349.5,340.1,4453658.0,,,,,,,,,following,
UNH,542.49,2025/01/31,16:00 EST,-3.08002,543.24,549.16,541.41,2075013.0,,,,,,,,,following,
AMT,184.95,2025/01/31,16:00 EST,-0.87001,185.28,187.63,184.34,1570193.0,,,,,,,,,following,
IDTI,,,,,,,,,,,,,,,,,following,
MMM,152.2,2025/01/31,16:00 EST,-2.2,154.99,155.0,152.13,2874339.0,,,,,,,,,following,
MMP,,,,,,,,,,,,,,,,,following,
URI,758.06,2025/01/31,16:00 EST,-16.02,781.61,781.496,749.56,951168.0,,,,,,,,,following,
CSCO,60.6,2025/01/31,16:00 EST,0.12999725,60.5,61.19,60.455,16555695.0,,,,,,,,,following,
NUE,128.43,2025/01/31,16:00 EST,-0.25,128.32,131.46,126.66,2601149.0,,,,,,,,,following,
UA,7.53,2025/01/31,16:00 EST,-0.26,7.74,7.76,7.5011,2906506.0,,,,,,,,,following,
LULU,414.2,2025/01/31,16:00 EST,-6.9599915,419.11,422.87,412.0,1297961.0,,,,,,,,,following,
ADSK,311.34,2025/01/31,16:00 EST,1.3899841,311.77,317.05,311.025,1285325.0,,,,,,,,,following,
WBA,10.28,2025/01/31,16:00 EST,-1.1800003,9.93,10.75,9.52,91510553.0,,,,,,,,,following,
WING,297.9,2025/01/31,16:00 EST,-7.860016,304.06,306.37,296.995,517697.0,,,,,,,,,following,
VIVAX,68.95,2025/01/31,20:02 EST,-0.4,,,,,,,,,,,,,following,
CEA,,,,,,,,,,,,,,,,,following,
CHL,,,,,,,,,,,,,,,,,following,
CHU,,,,,,,,,,,,,,,,,following,
BBVA,11.34,2025/01/31,16:00 EST,-0.41,11.54,11.57,11.3242,2941288.0,,,,,,,,,following,
MUSA,502.91,2025/01/31,16:00 EST,-0.720001,502.49,505.5,497.54,284405.0,,,,,,,,,following,
M,15.58,2025/01/31,16:00 EST,-0.190001,15.8,15.935,15.48,6018506.0,,,,,,,,,following,
EQR,70.63,2025/01/31,16:00 EST,0.889999,69.7,70.95,69.63,2584175.0,,,,,,,,,following,
BTI,39.64,2025/01/31,16:00 EST,-0.0400009,39.7,39.85,39.55,2141865.0,,,,,,,,,following,
GNC,,,,,,,,,,,,,,,,,following,
IP,55.63,2025/01/31,16:01 EST,-1.42,56.15,58.11,55.34,36747742.0,,,,,,,,,following,
MDLZ,57.99,2025/01/31,16:00 EST,-0.41999817,57.08,58.46,57.08,10121979.0,,,,,,,,,following,
KHC,29.84,2025/01/31,16:00 EST,-0.4300003,30.0,30.21,29.76,7491084.0,,,,,,,,,following,
UL,57.38,2025/01/31,16:00 EST,-0.919998,57.67,57.96,57.365,1638062.0,,,,,,,,,following,
CPB,38.77,2025/01/31,16:00 EST,-0.8499985,39.25,39.3752,38.58,7371515.0,,,,,,,,,following,
GIS,60.14,2025/01/31,16:00 EST,-0.510002,60.22,60.81,60.05,4017469.0,,,,,,,,,following,
WB,9.82,2025/01/31,16:00 EST,-0.5100002,10.25,10.255,9.75,1230483.0,,,,,,,,,following,
AMAT,180.35,2025/01/31,16:00 EST,-1.3699951,182.62,186.44,180.0612,5902833.0,,,,,,,,,following,
INDL,55.58,2025/01/31,16:00 EST,0.150002,56.1,56.1161,55.53,46560.0,,,,,,,,,following,
CG,56.16,2025/01/31,16:00 EST,-0.15000153,56.6,57.38,56.09,1453521.0,,,,,,,,,following,
VTI,298.6,2025/01/31,16:00 EST,-1.63998,301.22,302.595,298.2301,3326459.0,,,,,,,,,following,
NTNX,68.765,2025/01/31,16:00 EST,0.75499725,68.5,69.98,68.08,3346158.0,,,,,,,,,following,
SKX,75.34,2025/01/31,16:00 EST,-2.9,75.91,77.46,75.24,1607692.0,,,,,,,,,following,
PAH,,2019/06/28,18:07 EDT,,,,,,,,,,,,,,following,
GSK,35.27,2025/01/31,16:00 EST,-0.0900002,35.19,35.52,35.055,5112044.0,,,,,,,,,following,
AVGO,221.27,2025/01/31,16:00 EST,5.6100006,219.66,226.8,216.3,41150975.0,,,,,,,,,following,
NZF,12.58,2025/01/31,16:00 EST,0.15,12.48,12.58,12.45,492766.0,,,,,,,,,following,
NVG,12.61,2025/01/31,16:00 EST,0.13,12.53,12.64,12.515,561621.0,,,,,,,,,following,
ADBE,437.45,2025/01/31,16:00 EST,-8.549988,445.0001,447.0095,435.83,4689083.0,,,,,,,,,following,
COST,979.88,2025/01/31,16:00 EST,0.8699951,976.18,990.87,975.78,1624235.0,,,,,,,,,following,
AKAM,99.9,2025/01/31,16:00 EST,-1.5800018,101.95,102.37,99.77,1526484.0,,,,,,,,,following,
HSIC,80.0,2025/01/31,16:00 EST,-0.02999878,79.77,81.0,79.125,1282001.0,,,,,,,,,following,
LOW,260.04,2025/01/31,16:00 EST,-3.95999,262.28,264.18,259.605,1195422.0,,,,,,,,,following,
^VIX,16.43,2025/01/31,15:15 CST,0.59000015,15.45,17.09,14.9,0.0,,,,,,,,,following,
MZOR,,2019/06/28,18:07 EDT,,,,,,,,,,,,,,following,
ISRG,571.88,2025/01/31,16:00 EST,-8.299988,576.74,586.89,570.86,1828397.0,,,,,,,,,following,
MDT,90.82,2025/01/31,16:00 EST,-1.17,91.72,92.1,90.65,7214242.0,,,,,,,,,following,
SWKS,88.76,2025/01/31,16:00 EST,-0.6399994,89.59,90.68,87.66,2783675.0,,,,,,,,,following,
ENB,43.24,2025/01/31,16:00 EST,-1.26,44.5,44.56,43.12,5270707.0,,,,,,,,,following,
A,151.52,2025/01/31,16:00 EST,0.139999,150.96,153.815,150.5,1886553.0,,,,,,,,,following,
SLB,40.28,2025/01/31,16:00 EST,-0.740002,41.18,41.29,39.8599,13099250.0,,,,,,,,,following,
WBMD,,2019/06/28,18:07 EDT,,,,,,,,,,,,,,following,
FTR,,,,,,,,,,,,,,,,,following,
SDS,18.77,2025/01/31,16:00 EST,0.23,18.42,18.805,18.26,16603305.0,,,,,,,,,following,
GPN,112.85,2025/01/31,16:00 EST,-0.0600052,113.38,114.17,112.36,1621550.0,,,,,,,,,following,
DXCM,86.83,2025/01/31,16:00 EST,-0.7900009,86.87,88.23,86.59,2339488.0,,,,,,,,,following,
USCR,,,,,,,,,,,,,,,,,following,
ICE,159.83,2025/01/31,16:00 EST,0.389999,159.2,161.18,158.55,2624035.0,,,,,,,,,following,
KR,61.64,2025/01/31,16:00 EST,0.599998,60.78,61.86,60.73,3345646.0,,,,,,,,,following,
TQQQ,82.72,2025/01/31,16:00 EST,-0.44999695,84.893,87.09,82.18,59334629.0,,,,,,,,,following,
SSNLF,40.5999,2025/01/31,15:00 EST,0.0,40.5999,40.5999,40.5999,200.0,,,,,,,,,following,
QCOM,172.93,2025/01/31,16:00 EST,1.0,172.51,176.79,172.29,7808977.0,,,,,,,,,following,
NXPI,208.55,2025/01/31,16:00 EST,-2.8399963,212.0,215.715,208.31,3020149.0,,,,,,,,,following,
BZUN,3.23,2025/01/31,16:00 EST,-0.119999886,3.16,3.37,3.16,779249.0,,,,,,,,,following,
TEVA,17.73,2025/01/31,16:00 EST,-0.110001,17.85,18.32,17.73,16157125.0,,,,,,,,,following,
XIV,,,,,,,,,,,,,,,,,following,
VXX,44.12,2025/01/31,16:00 EST,1.44,42.14,44.72,41.92,7265611.0,,,,,,,,,following,
TRTC,,,,,,,,,,,,,,,,,following,
RMHB,0.0057,2025/01/31,15:00 EST,0.00020000013,0.0061,0.0061,0.0055,5850.0,,,,,,,,,following,
GBTC,80.41,2025/01/31,16:00 EST,-2.77,82.95,84.09,80.37,2865043.0,,,,,,,,,following,
TCTZF,52.34,2025/01/31,15:00 EST,0.0,54.5,54.5,54.5,220.0,,,,,,,,,following,
NVDA,120.07,2025/01/31,16:00 EST,-4.580002,123.81,127.85,119.19,390372899.0,,,,,,,,,following,
CY,,,,,,,,,,,,,,,,,following,
LDVAX,26.66,2025/01/31,20:01 EST,-0.01,,,,,,,,,,,,,following,
CMCSA,33.66,2025/01/31,16:00 EST,0.40999985,33.48,34.01,33.3,39175601.0,,,,,,,,,following,
AFL,107.38,2025/01/31,16:00 EST,-0.870003,107.84,108.86,107.28,2071270.0,,,,,,,,,following,
BLK,1075.5,2025/01/31,16:00 EST,3.97998,1074.09,1084.22,1068.76,449435.0,,,,,,,,,following,
ITEQ,54.75,2025/01/31,16:00 EST,0.0999985,55.01,55.415,54.61,4637.0,,,,,,,,,following,
FDGRX,40.89,2025/01/31,20:01 EST,-0.38,,,,,,,,,,,,,following,
^NDX,21478.047,2025/01/31,17:15 EST,-30.052734,21661.562,21846.012,21425.787,1479942000.0,,,,,,,,,following,
HSY,149.25,2025/01/31,16:00 EST,-2.89,150.0,151.65,147.66,1922871.0,,,,,,,,,following,
AAL,16.92,2025/01/31,16:00 EST,0.020000458,16.95,17.23,16.91,30197038.0,,,,,,,,,following,
BOTZ,33.18,2025/01/31,16:00 EST,-0.27000046,33.59,33.88,33.1357,499167.0,,,,,,,,,following,
QD,2.82,2025/01/31,16:00 EST,-0.15,2.96,2.9593,2.815,241247.0,,,,,,,,,following,
STT,101.62,2025/01/31,16:00 EST,-0.610001,102.0,102.735,101.195,1664621.0,,,,,,,,,following,
NDGPY,8.1,2025/01/31,15:00 EST,0.0,8.1,8.1,8.1,507.0,,,,,,,,,following,
SHOP,116.8,2025/01/31,16:00 EST,-2.38,119.61,121.93,116.54,7202273.0,,,,,,,,,following,
MHK,122.3,2025/01/31,16:00 EST,-4.18999,125.26,126.37,119.15,918390.0,,,,,,,,,following,
NLSN,,,,,,,,,,,,,,,,,following,
XLNX,,,,,,,,,,,,,,,,,following,
JD,40.72,2025/01/31,16:00 EST,-1.579998,41.84,42.02,40.455,11072503.0,,,,,,,,,following,
NIO,4.32,2025/01/31,16:00 EST,-0.12,4.43,4.5,4.3,36769067.0,,,,,,,,,following,
DL,,,,,,,,,,,,,,,,,following,
YY,43.35,2025/01/31,16:00 EST,-1.8900032,45.31,45.31,42.93,189971.0,,,,,,,,,following,
OKTA,94.22,2025/01/31,16:00 EST,0.45999908,94.62,95.24,93.73,2712596.0,,,,,,,,,following,
TCEHY,53.02,2025/01/31,15:00 EST,-0.040000916,54.51,54.51,52.9,1480820.0,,,,,,,,,following,
TREX,72.83,2025/01/31,16:00 EST,-1.23,73.92,74.6799,72.72,934860.0,,,,,,,,,following,
^TVIX-NV,0.0,2020/07/02,18:01 EDT,0.0,0.0,0.0,0.0,0.0,,,,,,,,,following,
MAN,60.22,2025/01/31,16:00 EST,-0.489998,60.25,60.95,59.53,2041803.0,,,,,,,,,following,
TVIX,112.36,2020/07/02,16:00 EDT,-5.260002,107.27,114.4197,103.89,4912817.0,,,,,,,,,following,
AMN,27.52,2025/01/31,16:00 EST,-0.58,27.99,28.18,27.0,574822.0,,,,,,,,,following,
TDOC,10.16,2025/01/31,16:00 EST,-0.18,10.34,10.42,10.03,2909476.0,,,,,,,,,following,
COUP,,,,,,,,,,,,,,,,,following,
PWV,59.29,2025/01/31,15:59 EST,-0.450001,59.75,59.82,59.2449,25042.0,,,,,,,,,following,
MTUM,219.13,2025/01/31,16:00 EST,-0.759995,220.46,222.48,218.9001,1044466.0,,,,,,,,,following,
LB,64.87,2025/01/31,16:00 EST,-0.349998,66.0,67.73,64.0,789370.0,,,,,,,,,following,
BOX,33.39,2025/01/31,16:00 EST,0.16,33.31,33.53,33.16,1379443.0,,,,,,,,,following,
VRSN,215.0,2025/01/31,16:00 EST,0.9900055,215.54,217.66,214.93,689519.0,,,,,,,,,following,
GM,49.46,2025/01/31,16:00 EST,-0.0400009,49.67,51.73,49.18,20546400.0,,,,,,,,,following,
WM,220.26,2025/01/31,16:00 EST,-2.17,221.6,222.45,219.705,1947531.0,,,,,,,,,following,
NGG,61.4,2025/01/31,16:00 EST,-0.34,61.8,61.8,61.2607,814582.0,,,,,,,,,following,
NLY,20.41,2025/01/31,16:00 EST,-0.0599995,20.47,20.69,20.255,8681195.0,,,,,,,,,following,
NEM,42.72,2025/01/31,16:00 EST,-0.369999,43.49,43.61,42.47,10592750.0,,,,,,,,,following,
BKNG,4737.56,2025/01/31,16:00 EST,-36.77002,4796.0,4830.0,4711.04,245373.0,,,,,,,,,following,
NOK,4.6,2025/01/31,16:00 EST,-0.0999999,4.63,4.71,4.6,22017655.0,,,,,,,,,following,
AMLP,51.57,2025/01/31,16:00 EST,-0.560001,52.51,52.665,51.535,2096777.0,,,,,,,,,following,
EGY,4.1,2025/01/31,16:00 EST,-0.0799999,4.19,4.2,4.05,866066.0,,,,,,,,,following,
GLD,258.56,2025/01/31,16:00 EST,0.51001,259.08,259.99,257.88,8756612.0,,,,,,,,,following,
FNKO,14.0,2025/01/31,16:00 EST,0.0,13.95,14.13,13.69,961836.0,,,,,,,,,following,
HD,411.98,2025/01/31,16:00 EST,-2.51999,413.17,416.38,410.33,2760739.0,,,,,,,,,following,
TEAM,306.78,2025/01/31,16:00 EST,39.829987,320.01,324.37,300.79,8332696.0,,,,,,,,,following,
BHF,61.71,2025/01/31,16:00 EST,0.45000076,61.0,63.41,60.78,1428309.0,,,,,,,,,following,
EPRT,32.1,2025/01/31,16:00 EST,-0.100002,32.05,32.29,31.59,1027032.0,,,,,,,,,following,
NAV,,,,,,,,,,,,,,,,,following,
FIVG,42.32,2024/07/23,16:00 EDT,-0.10300064,42.26,42.26,41.77,30311.0,,,,,,,,,following,
TXN,184.61,2025/01/31,16:00 EST,0.69999695,183.78,189.03,183.08,6333861.0,,,,,,,,,following,
DOCU,96.73,2025/01/31,16:00 EST,0.8800049,96.92,98.5999,96.055,2805406.0,,,,,,,,,following,
RMNI,2.88,2025/01/31,16:00 EST,-0.03999996,2.89,2.92,2.823,284573.0,,,,,,,,,following,
BA,176.52,2025/01/31,16:00 EST,-3.00999,180.51,181.78,175.74,5436204.0,,,,,,,,,following,
SOXL,27.02,2025/01/31,16:00 EST,-0.129999,27.63,29.25,26.7,101748238.0,,,,,,,,,following,
HX,,,,,,,,,,,,,,,,,following,
YRD,5.68,2025/01/31,16:00 EST,-0.16,5.84,5.85,5.65,70755.0,,,,,,,,,following,
SMTA,,,,,,,,,,,,,,,,,following,
JPM,267.3,2025/01/31,16:00 EST,-0.930023,269.23,270.82,267.0,5282793.0,,,,,,,,,following,
VZ,39.39,2025/01/31,16:00 EST,-0.0800018,39.57,39.935,39.285,20421941.0,,,,,,,,,following,
PHK,4.94,2025/01/31,16:00 EST,0.0100002,4.95,4.9546,4.92,854463.0,,,,,,,,,following,
SNH,,,,,,,,,,,,,,,,,following,
TKC,7.39,2025/01/31,16:00 EST,0.0,7.42,7.51,7.37,237584.0,,,,,,,,,following,
APHA,,,,,,,,,,,,,,,,,following,
AM,16.04,2025/01/31,16:00 EST,-0.209999,16.21,16.325,15.97,5204293.0,,,,,,,,,following,
SFET,,,,,,,,,,,,,,,,,following,
LEVI,19.03,2025/01/31,16:00 EST,0.18,18.72,19.67,18.6919,5038169.0,,,,,,,,,following,
IUSG,143.0,2025/01/31,16:00 EST,-0.7899933,144.63,145.5,142.81,504836.0,,,,,,,,,following,
OAKMX,159.92,2025/01/31,20:01 EST,-1.2,,,,,,,,,,,,,following,
JEF,76.89,2025/01/31,16:00 EST,-0.25,77.49,77.83,76.21,1194596.0,,,,,,,,,following,
WORK,,,,,,,,,,,,,,,,,following,
OI,11.94,2025/01/31,16:00 EST,0.0599995,11.77,12.205,11.79,1758460.0,,,,,,,,,following,
DKS,240.05,2025/01/31,16:00 EST,-9.98999,250.04,249.685,238.64,1117195.0,,,,,,,,,following,
$$CASH,,,,,,,,,,,,,,,,,following,
HBAN,17.2,2025/01/31,16:00 EST,-0.18999863,17.31,17.41,17.12,17460336.0,,,,,,,,,following,
EXC,40.0,2025/01/31,16:00 EST,-0.020000458,39.99,40.23,39.89,7144082.0,,,,,,,,,following,
FDML,,2019/06/28,18:07 EDT,,,,,,,,,,,,,,following,
BJ,99.05,2025/01/31,16:00 EST,-0.939995,99.86,100.15,98.72,1573290.0,,,,,,,,,following,
IVZ,19.23,2025/01/31,16:00 EST,0.0100002,19.31,19.51,19.08,5778780.0,,,,,,,,,following,
HTHIY,51.2,2025/01/31,15:00 EST,-0.25,51.92,52.39,50.0,41028.0,,,,,,,,,following,
MOS,27.89,2025/01/31,16:00 EST,-0.690001,28.51,28.54,27.69,3159207.0,,,,,,,,,following,
VINIX,492.21,2025/01/31,20:02 EST,-2.47,,,,,,,,,,,,,following,
LYG,3.05,2025/01/31,16:00 EST,-0.04,3.07,3.09,3.04,13319609.0,,,,,,,,,following,
FITB,44.31,2025/01/31,16:00 EST,-0.1800003,44.52,44.6901,44.17,3428167.0,,,,,,,,,following,
C,81.43,2025/01/31,16:00 EST,-0.43,81.69,82.335,81.07,9517502.0,,,,,,,,,following,
AIG,73.66,2025/01/31,16:00 EST,-1.75999,75.0,75.36,73.4,4453549.0,,,,,,,,,following,
WDAY,262.06,2025/01/31,16:00 EST,1.9899902,263.82,267.01,260.985,1668001.0,,,,,,,,,following,
TWTR,,,,,,,,,,,,,,,,,following,
AA,35.32,2025/01/31,16:00 EST,-0.209999,35.5,36.24,35.16,5308053.0,,,,,,,,,following,
MYL,,,,,,,,,,,,,,,,,following,
DG,71.06,2025/01/31,16:00 EST,-1.09,72.03,73.1,71.03,2354880.0,,,,,,,,,following,
DLTR,73.35,2025/01/31,16:00 EST,-1.1500015,74.63,75.62,72.84,2668287.0,,,,,,,,,following,
ROVI,,2019/06/28,18:07 EDT,,,,,,,,,,,,,,following,
DE,476.56,2025/01/31,16:00 EST,-3.42999,479.0,479.4029,474.0625,977231.0,,,,,,,,,following,
MYY,18.39,2025/01/31,15:59 EST,0.15,18.28,18.4099,18.28,17421.0,,,,,,,,,following,
SBB,14.2765,2025/01/30,15:48 EST,0.1373,14.17,14.2765,14.2765,283.0,,,,,,,,,following,
HRL,29.98,2025/01/31,16:00 EST,-0.450001,30.24,30.34,29.925,2171874.0,,,,,,,,,following,
AXGN,18.21,2025/01/31,16:00 EST,-0.060001373,18.2,18.74,18.16,218071.0,,,,,,,,,following,
GME,26.9,2025/01/31,16:00 EST,-1.09,27.79,28.18,26.9,4015780.0,,,,,,,,,following,
EMR,129.95,2025/01/31,16:00 EST,-0.490005,130.94,131.57,129.27,4718845.0,,,,,,,,,following,
TSN,56.49,2025/01/31,16:00 EST,-0.269997,56.4,57.27,56.32,2930629.0,,,,,,,,,following,
YELP,39.94,2025/01/31,16:00 EST,-0.550003,40.46,40.86,39.7,595298.0,,,,,,,,,following,
IRM,101.57,2025/01/31,16:00 EST,-0.43,101.86,103.325,100.95,1345242.0,,,,,,,,,following,
ABEV,1.85,2025/01/31,16:00 EST,-0.00999999,1.88,1.89,1.85,15387115.0,,,,,,,,,following,
TUP,,,,,,,,,,,,,,,,,following,
ATKR,81.44,2025/01/31,16:00 EST,-2.13,83.42,83.63,80.75,538159.0,,,,,,,,,following,
FUBO,4.04,2025/01/31,16:00 EST,-0.0799999,4.15,4.27,3.91,20769998.0,,,,,,,,,following,
CLOV,4.39,2025/01/31,16:00 EST,-0.03999996,4.49,4.57,4.36,4857337.0,,,,,,,,,following,
DNUT,9.07,2025/01/31,16:00 EST,-0.05000019,9.09,9.26,9.01,1739977.0,,,,,,,,,following,
APPN,35.09,2025/01/31,16:00 EST,-0.07999802,35.47,36.115,34.6901,327643.0,,,,,,,,,following,
TPB,63.74,2025/01/31,16:00 EST,0.740002,62.68,64.0,62.22,264697.0,,,,,,,,,following,
CAG,25.89,2025/01/31,16:00 EST,-0.400002,26.04,26.26,25.805,5290415.0,,,,,,,,,following,
VCSA,5.02,2025/01/31,16:00 EST,-0.03000021,5.05,5.07,5.02,84112.0,,,,,,,,,following,
FORM,40.05,2025/01/31,16:00 EST,0.2199974,40.06,41.57,39.6,808508.0,,,,,,,,,following,
AUPH,7.95,2025/01/31,16:00 EST,-0.05000019,7.98,8.18,7.905,1123255.0,,,,,,,,,following,
GTBIF,7.01,2025/01/31,15:55 EST,0.03000021,6.98,7.03,6.94,65138.0,,,,,,,,,following,
BMY,58.95,2025/01/31,16:00 EST,-0.189999,59.18,60.22,58.67,6198054.0,,,,,,,,,following,
STNE,9.17,2025/01/31,16:00 EST,-0.34000015,9.6,9.6,9.17,4489667.0,,,,,,,,,following,
LN,,,,,,,,,,,,,,,,,following,
XPO,133.67,2025/01/31,16:00 EST,-2.8,137.36,138.02,132.38,1501151.0,,,,,,,,,following,
JMIA,3.99,2025/01/31,16:00 EST,-0.22,4.24,4.33,3.95,3735789.0,,,,,,,,,following,
LK,,,,,,,,,,,,,,,,,following,
CRWD,398.07,2025/01/31,16:00 EST,1.2000122,398.4,408.1,397.35,3126181.0,,,,,,,,,following,
PINS,32.96,2025/01/31,16:00 EST,0.0299988,33.17,33.705,32.905,6732957.0,,,,,,,,,following,
ENPH,62.28,2025/01/31,16:00 EST,0.22999954,63.0,65.06,61.75,3539902.0,,,,,,,,,following,
PD,18.52,2025/01/31,16:00 EST,0.0699997,18.68,19.0,18.47,1006784.0,,,,,,,,,following,
RUN,9.05,2025/01/31,16:00 EST,-0.3699999,9.4,9.61,8.94,9840731.0,,,,,,,,,following,
RBLX,71.07,2025/01/31,16:00 EST,-0.309998,71.5,71.89,70.25,9052127.0,,,,,,,,,following,
SE,121.79,2025/01/31,16:00 EST,-1.59,125.01,126.12,121.7,4026643.0,,,,,,,,,following,
SAN,5.09,2025/01/31,16:00 EST,-0.11,5.12,5.14,5.05,2919111.0,,,,,,,,,following,
TEN,17.88,2025/01/31,16:00 EST,-0.280001,18.3,18.3,17.7121,233716.0,,,,,,,,,following,
GEF,61.22,2025/01/31,16:00 EST,-1.11,61.98,62.39,60.91,200403.0,,,,,,,,,following,
LRCX,81.05,2025/01/31,16:00 EST,0.3199997,81.1,84.215,80.845,18840940.0,,,,,,,,,following,
VMW,,,,,,,,,,,,,,,,,following,
ZBRA,391.94,2025/01/31,16:00 EST,-2.7600098,394.88,400.55,391.14,549033.0,,,,,,,,,following,
NTAP,122.1,2025/01/31,16:00 EST,-0.34000397,123.07,124.61,121.725,1316609.0,,,,,,,,,following,
CGC,1.99,2025/01/31,16:00 EST,-0.109999895,2.1,2.12,1.96,5290583.0,,,,,,,,,following,
PLAB,22.99,2025/01/31,16:00 EST,-0.069999695,23.13,23.47,22.765,510216.0,,,,,,,,,following,
EVH,10.45,2025/01/31,16:00 EST,-0.13,10.57,10.65,10.41,1782842.0,,,,,,,,,following,
MSI,469.25,2025/01/31,16:00 EST,-3.35999,472.84,473.89,467.313,691666.0,,,,,,,,,following,
EAF,1.5,2025/01/31,16:00 EST,0.05,1.42,1.515,1.4,1108856.0,,,,,,,,,following,
MIK,,,,,,,,,,,,,,,,,following,
AMD,115.95,2025/01/31,16:00 EST,-2.9100037,119.17,119.565,115.33,40533565.0,,,,,,,,,following,
DOW,39.05,2025/01/31,16:00 EST,0.5,38.825,39.28,38.41,12725049.0,,,,,,,,,following,
USFD,70.93,2025/01/31,16:00 EST,-0.790001,71.9,72.3,70.93,1795927.0,,,,,,,,,following,
SYY,72.92,2025/01/31,16:00 EST,-0.419998,72.95,73.6,72.4,4673403.0,,,,,,,,,following,
CTSH,82.61,2025/01/31,16:00 EST,-0.15000153,82.98,83.4015,82.49,2462746.0,,,,,,,,,following,
XP,13.65,2025/01/31,16:00 EST,-0.35000038,13.97,14.09,13.575,5662164.0,,,,,,,,,following,
INMD,17.21,2025/01/31,16:00 EST,-0.060001373,17.27,17.33,17.08,899147.0,,,,,,,,,following,
NSANY,5.42,2025/01/31,15:55 EST,-0.029999733,5.64,5.64,5.42,19361.0,,,,,,,,,following,
ABB,,,,,,,,,,,,,,,,,following,
NMIH,38.62,2025/01/31,16:00 EST,-0.51000214,39.0,39.17,38.51,279223.0,,,,,,,,,following,
RXT,2.63,2025/01/31,16:00 EST,0.25,2.41,2.645,2.355,1700319.0,,,,,,,,,following,
IRBT,7.69,2025/01/31,16:00 EST,0.13000011,7.58,8.11,7.52,1699589.0,,,,,,,,,following,
DISCA,,,,,,,,,,,,,,,,,following,
VIAC,,,,,,,,,,,,,,,,,following,
OTLY,0.6162,2025/01/31,16:00 EST,-0.046200037,0.62,0.6518,0.5935,6526407.0,,,,,,,,,following,
CALX,39.68,2025/01/31,16:00 EST,-0.5,40.88,41.21,39.35,1190000.0,,,,,,,,,following,
HCP,34.2,2025/01/31,16:00 EST,-0.049999237,34.28,34.33,34.18,3285781.0,,,,,,,,,following,
DGX,163.1,2025/01/31,16:00 EST,-1.06999,163.94,166.89,162.55,1575149.0,,,,,,,,,following,
ADP,303.01,2025/01/31,16:00 EST,-0.25,301.79,305.1,301.18,2237741.0,,,,,,,,,following,
SYK,391.29,2025/01/31,16:00 EST,0.860016,391.15,397.56,390.08,1234251.0,,,,,,,,,following,
ADS,,,,,,,,,,,,,,,,,following,
TYL,601.64,2025/01/31,16:00 EST,2.75,598.72,605.97,593.896,272427.0,,,,,,,,,following,
MCO,499.44,2025/01/31,16:00 EST,0.23999,499.36,505.775,498.2302,535813.0,,,,,,,,,following,
HUBS,779.53,2025/01/31,16:00 EST,7.54004,791.78,800.0,778.9401,514816.0,,,,,,,,,following,
GT,8.87,2025/01/31,16:00 EST,-0.35999966,9.2,9.215,8.76,5637511.0,,,,,,,,,following,
ML.PA,33.6,2025/01/31,17:35 CET,-0.040000916,33.63,33.64,33.41,1570009.0,,,,,,,,,following,
BRDCY,17.9,2025/01/31,15:50 EST,-0.5100002,18.04,18.11,17.9,5304.0,,,,,,,,,following,
CTB,,,,,,,,,,,,,,,,,following,
TLT,87.76,2025/01/31,16:00 EST,-0.5799942,88.38,88.66,87.43,48812469.0,,,,,,,,,following,
GDOT,8.87,2025/01/31,16:00 EST,-0.21,9.05,9.15,8.76,207361.0,,,,,,,,,following,
JBSAY,12.16,2025/01/31,15:47 EST,0.119999886,12.1,12.24,12.0,6983.0,,,,,,,,,following,
CTTAY,7.04,2025/01/31,15:38 EST,-0.119999886,7.08,7.1,7.04,5393.0,,,,,,,,,following,
DLAKY,6.45,2025/01/31,15:53 EST,-0.09000015,6.47,6.49,6.43,46810.0,,,,,,,,,following,
ICAGY,8.3,2025/01/31,15:00 EST,-0.029999733,8.39,8.45,8.33,29257.0,,,,,,,,,following,
TSM,209.32,2025/01/31,16:00 EST,1.17001,209.93,215.0,208.2,13910400.0,,,,,,,,,following,
LND,3.84,2025/01/31,15:53 EST,-0.00999999,3.89,3.93,3.835,33489.0,,,,,,,,,following,
TSEM,48.89,2025/01/31,16:00 EST,0.20999908,49.24,50.71,48.815,628962.0,,,,,,,,,following,
MELI,1922.19,2025/01/31,16:00 EST,-25.130005,1950.0,1974.16,1918.96,281361.0,,,,,,,,,following,
WUBA,,,,,,,,,,,,,,,,,following,
ANZFF,0.3489,2025/01/31,15:00 EST,0.0,0.31,0.31,0.31,3317.0,,,,,,,,,following,
AEBZY,0.9,2025/01/31,15:00 EST,0.00999999,0.94,0.94,0.89,127368.0,,,,,,,,,following,
AKBTY,3.52,2025/01/31,15:00 EST,0.0,3.58,3.58,3.58,4.0,,,,,,,,,following,
TKGBY,3.48,2025/01/31,15:00 EST,0.0,3.65,3.65,3.65,175.0,,,,,,,,,following,
HTHT,32.14,2025/01/31,16:00 EST,-1.2700005,33.42,33.43,32.11,749018.0,,,,,,,,,following,
TEF,4.04,2025/01/31,16:00 EST,-0.04,4.07,4.075,4.0229,546310.0,,,,,,,,,following,
HMI,,,,,,,,,,,,,,,,,following,
PNGAY,11.3,2025/01/31,15:00 EST,-0.010000229,11.51,11.54,11.24,30882.0,,,,,,,,,following,
SFTBF,62.5,2025/01/31,13:24 EST,0.5,62.85,62.98,62.3,6297.0,,,,,,,,,following,
SFBTF,,,,,,,,,,,,,,,,,following,
KHOLY,24.05,2025/01/31,15:00 EST,0.0,23.83,23.83,23.83,100.0,,,,,,,,,following,
SDXAY,14.79,2025/01/31,15:00 EST,0.010000229,14.95,14.95,14.78,8295.0,,,,,,,,,following,
SIEGY,106.85,2025/01/31,15:00 EST,0.15000153,107.55,108.25,106.5,65257.0,,,,,,,,,following,
EADSY,43.15,2025/01/31,15:58 EST,-0.0399971,43.55,43.57,43.09,18110.0,,,,,,,,,following,
LUKOY,,,,,,,,,,,,,,,,,following,
OGZPY,,,,,,,,,,,,,,,,,following,
GAZP.ME,198.0,2022/07/08,18:49 MSK,0.08000183,200.0,201.87,196.57,28893760.0,,,,,,,,,following,
LNVGY,24.12,2025/01/31,15:00 EST,0.020000458,24.0,24.35,24.0,2268.0,,,,,,,,,following,
CIOXY,,,,,,,,,,,,,,,,,following,
HYPMY,3.09,2025/01/31,13:28 EST,-0.0400002,3.12,3.12,3.09,800.0,,,,,,,,,following,
DNFGF,0.36,2025/01/31,15:00 EST,0.0,0.5274,0.5274,0.5274,5000.0,,,,,,,,,following,
3188.HK,41.66,2025/02/02,11:37 HKT,-0.79999924,41.96,41.96,41.16,1269200.0,,,,,,,,,following,
SSL,4.7,2025/01/31,16:00 EST,-0.12,4.69,4.77,4.6791,1190553.0,,,,,,,,,following,
CPOP,0.67,2025/01/31,16:00 EST,-0.25619996,0.95,0.9529,0.61,664171.0,,,,,,,,,following,
JPXGY,10.49,2025/01/31,15:00 EST,-0.09000015,10.63,10.66,10.56,4288.0,,,,,,,,,following,
FSUGY,23.53,2025/01/31,15:58 EST,-0.55999947,23.8,23.94,23.52,4348.0,,,,,,,,,following,
IMPUY,5.58,2025/01/31,15:58 EST,0.21999979,5.53,5.62,5.5,16924.0,,,,,,,,,following,
KNBWY,12.59,2025/01/31,15:59 EST,-0.19999981,12.7,12.7,12.59,10798.0,,,,,,,,,following,
WMMVF,2.62,2025/01/31,15:22 EST,-0.11000013,2.62,2.62,2.62,500.0,,,,,,,,,following,
RYSAS.IS,18.98,2025/01/31,18:09 TRT,-0.21000099,19.19,19.21,18.37,3891419.0,,,,,,,,,following,
NRZ,,,,,,,,,,,,,,,,,following,
OILNF,,,,,,,,,,,,,,,,,following,
HST,16.71,2025/01/31,16:00 EST,0.069999695,16.7,16.91,16.59,11269088.0,,,,,,,,,following,
STAY,,,,,,,,,,,,,,,,,following,
SPG,173.86,2025/01/31,16:00 EST,-1.92999,175.87,177.11,173.13,1504179.0,,,,,,,,,following,
MAR,290.59,2025/01/31,16:00 EST,-1.9500122,291.65,293.71,289.29,1293170.0,,,,,,,,,following,
IHG,134.72,2025/01/31,16:00 EST,-0.669998,136.14,136.55,134.47,77100.0,,,,,,,,,following,
KSS,13.21,2025/01/31,16:00 EST,-0.22,13.44,13.54,13.06,6786584.0,,,,,,,,,following,
AHT,7.97,2025/01/31,16:00 EST,0.0299997,8.0,8.1111,7.88,8961.0,,,,,,,,,following,
HLT,256.07,2025/01/31,16:00 EST,-0.720001,257.35,258.31,255.505,1888311.0,,,,,,,,,following,
PEB,13.13,2025/01/31,16:00 EST,-0.16,13.33,13.35,13.04,1954532.0,,,,,,,,,following,
MPW,4.69,2025/01/31,16:00 EST,-0.00999975,4.78,4.84,4.59,15381893.0,,,,,,,,,following,
STWD,19.35,2025/01/31,16:00 EST,0.0200005,19.38,19.47,19.235,1462727.0,,,,,,,,,following,
RHP,104.84,2025/01/31,16:00 EST,-0.800003,105.53,106.74,103.995,363887.0,,,,,,,,,following,
PK,13.49,2025/01/31,16:00 EST,0.0100002,13.54,13.725,13.46,5409630.0,,,,,,,,,following,
AIV,9.04,2025/01/31,16:00 EST,-0.0699997,9.14,9.1852,8.9601,1091671.0,,,,,,,,,following,
KBH,67.1,2025/01/31,16:00 EST,-1.66,68.19,68.48,66.77,1367331.0,,,,,,,,,following,
OPI,0.9086,2025/01/31,16:00 EST,0.008599997,0.9,0.9299,0.8955,197491.0,,,,,,,,,following,
TRXC,,,,,,,,,,,,,,,,,following,
HOLX,72.14,2025/01/31,16:00 EST,-0.02999878,71.81,72.73,71.81,1675400.0,,,,,,,,,following,
TNXP,0.4281,2025/01/31,16:00 EST,0.05309999,0.4093,0.449,0.395,72752750.0,,,,,,,,,following,
SRGA,,,,,,,,,,,,,,,,,following,
ZOM,0.1229,2025/01/31,16:00 EST,0.0019,0.121,0.123,0.1212,3392489.0,,,,,,,,,following,
NVTA,,,,,,,,,,,,,,,,,following,
OPK,1.52,2025/01/31,16:00 EST,0.00999999,1.51,1.54,1.4905,3805891.0,,,,,,,,,following,
TLRY,1.05,2025/01/31,16:00 EST,-0.08000004,1.13,1.14,1.04,38419195.0,,,,,,,,,following,
PVH,89.6,2025/01/31,16:00 EST,-3.39,92.6,92.465,89.315,713352.0,,,,,,,,,following,
SBH,10.87,2025/01/31,16:00 EST,-0.46,11.23,11.255,10.805,2139028.0,,,,,,,,,following,
VDIGX,37.14,2025/01/31,20:02 EST,-0.2,,,,,,,,,,,,,following,
QDIV,35.1695,2025/01/31,10:50 EST,-0.0805016,35.44,35.4195,35.1695,1187.0,,,,,,,,,following,
IHI,63.81,2025/01/31,16:00 EST,-0.740002,64.47,64.69,63.8,598821.0,,,,,,,,,following,
ORCC,,,,,,,,,,,,,,,,,following,
GSBD,12.84,2025/01/31,16:00 EST,0.12,12.73,12.85,12.71,846481.0,,,,,,,,,following,
SBOW,,,,,,,,,,,,,,,,,following,
GPOR,178.51,2025/01/31,16:00 EST,-5.58,185.07,185.08,177.905,204593.0,,,,,,,,,following,
TUSK,2.99,2025/01/31,16:00 EST,0.0,3.0,3.0477,2.95,40159.0,,,,,,,,,following,
SWN,,,,,,,,,,,,,,,,,following,
SMSI,1.27,2025/01/31,16:00 EST,-0.029999971,1.31,1.3175,1.235,165872.0,,,,,,,,,following,
KMTUY,30.18,2025/01/31,15:00 EST,-0.20999908,30.25,30.6,30.18,10543.0,,,,,,,,,following,
GMS,84.34,2025/01/31,16:00 EST,-1.79,85.88,85.68,84.17,402269.0,,,,,,,,,following,
JELD,8.92,2025/01/31,16:00 EST,-0.45,9.28,9.26,8.895,532418.0,,,,,,,,,following,
ITB,107.25,2025/01/31,16:00 EST,-2.86,109.83,109.57,107.21,3640247.0,,,,,,,,,following,
JETS,26.03,2025/01/31,16:00 EST,-0.34,26.33,26.635,26.0,1546090.0,,,,,,,,,following,
EDIV,35.5,2025/01/31,15:59 EST,-0.18,35.71,35.7999,35.3996,46815.0,,,,,,,,,following,
VHT,270.77,2025/01/31,16:00 EST,-1.01001,272.56,274.18,270.77,358965.0,,,,,,,,,following,
SCO,16.43,2025/01/31,16:00 EST,0.0300007,16.52,16.81,16.31,2451866.0,,,,,,,,,following,
IXC,39.09,2025/01/31,16:00 EST,-0.849998,39.98,39.92,39.01,805252.0,,,,,,,,,following,
UCO,28.14,2025/01/31,16:00 EST,0.129999,28.019,28.3597,27.49,2419645.0,,,,,,,,,following,
IGV,102.89,2025/01/31,16:00 EST,0.129997,103.84,104.42,102.54,5199296.0,,,,,,,,,following,
EASI,21.07,2020/07/02,14:49 EDT,-0.0450001,21.11,21.07,21.04,5051.0,,,,,,,,,following,
VO,275.61,2025/01/31,16:00 EST,-2.10001,277.77,278.71,275.28,596366.0,,,,,,,,,following,
IWM,226.48,2025/01/31,16:00 EST,-2.05,228.75,230.32,225.535,32992887.0,,,,,,,,,following,
EWM,23.42,2025/01/31,16:00 EST,-0.530001,23.5,23.53,23.372,582128.0,,,,,,,,,following,
EWS,22.58,2025/01/31,16:00 EST,-0.0900002,22.78,22.785,22.52,704972.0,,,,,,,,,following,
SFTBY,30.72,2025/01/31,15:00 EST,0.069999695,30.595,31.55,30.37,144728.0,,,,,,,,,following,
DAL,67.27,2025/01/31,16:00 EST,-1.3,68.81,69.21,67.2,3489203.0,,,,,,,,,following,
MESA,1.26,2025/01/31,16:00 EST,-0.01999998,1.27,1.325,1.25,174095.0,,,,,,,,,following,
MGM,34.48,2025/01/31,16:00 EST,-0.0699997,34.55,34.88,34.17,4994388.0,,,,,,,,,following,
CZR,36.05,2025/01/31,16:00 EST,-0.1800003,36.325,36.6,35.865,2896849.0,,,,,,,,,following,
ERI,,,,,,,,,,,,,,,,,following,
AWK,124.64,2025/01/31,16:00 EST,0.979996,123.66,124.96,123.325,1073031.0,,,,,,,,,following,
WEC,99.26,2025/01/31,16:00 EST,-0.189995,99.33,99.66,98.76,4607978.0,,,,,,,,,following,
EIX,54.0,2025/01/31,16:00 EST,-0.0600014,54.48,55.65,53.26,12046646.0,,,,,,,,,following,
SRE,82.93,2025/01/31,16:00 EST,-0.360001,83.3,83.92,82.61,2677639.0,,,,,,,,,following,
DD,76.8,2025/01/31,16:00 EST,0.139999,76.47,77.03,76.25,2729381.0,,,,,,,,,following,
ENIA,,,,,,,,,,,,,,,,,following,
EBR,6.19,2025/01/31,16:00 EST,-0.04,6.31,6.315,6.185,995359.0,,,,,,,,,following,
HE,9.14,2025/01/31,16:00 EST,0.0799999,9.12,9.23,9.02,1558213.0,,,,,,,,,following,
CNI,104.51,2025/01/31,16:00 EST,-0.689995,104.0,106.89,103.25,2311540.0,,,,,,,,,following,
IYT,70.16,2025/01/31,16:00 EST,-0.579994,70.93,71.19,70.01,304542.0,,,,,,,,,following,
BLNK,1.22,2025/01/31,16:00 EST,-0.01999998,1.24,1.28,1.2,3239730.0,,,,,,,,,following,
WKHS,0.5158,2025/01/31,16:00 EST,-0.007499993,0.52,0.549,0.4906,2653206.0,,,,,,,,,following,
SABR,3.35,2025/01/31,16:00 EST,-0.0400002,3.4,3.48,3.3,3061989.0,,,,,,,,,following,
AER,95.6,2025/01/31,16:00 EST,0.199997,95.42,96.53,94.99,1436169.0,,,,,,,,,following,
ABML,,,,,,,,,,,,,,,,,following,
APTV,62.42,2025/01/31,16:00 EST,-0.490002,62.6,63.76,61.62,4074620.0,,,,,,,,,following,
PAG,165.63,2025/01/31,16:00 EST,-2.51999,167.19,168.17,165.01,169506.0,,,,,,,,,following,
NSC,255.3,2025/01/31,16:00 EST,-1.90001,257.16,260.24,255.25,1378135.0,,,,,,,,,following,
OUT,18.4,2025/01/31,16:00 EST,-0.0799999,18.45,18.535,18.2,1747459.0,,,,,,,,,following,
CCO,1.36,2025/01/31,16:00 EST,-0.04,1.41,1.405,1.35,922970.0,,,,,,,,,following,
LQD,107.46,2025/01/31,16:00 EST,-0.349998,107.9,108.02,107.24,28454647.0,,,,,,,,,following,
SPT,32.67,2025/01/31,16:00 EST,-0.4300003,33.49,34.07,32.39,460367.0,,,,,,,,,following,
BILL,96.77,2025/01/31,16:00 EST,0.649994,98.88,100.19,96.62,2905523.0,,,,,,,,,following,
FSLY,10.47,2025/01/31,16:00 EST,-0.259999,10.83,11.14,10.415,2450026.0,,,,,,,,,following,
SOS,6.86,2025/01/31,16:00 EST,-0.0699997,7.0006,7.1233,6.73,21957.0,,,,,,,,,following,
BYND,3.96,2025/01/31,16:00 EST,-0.11000013,4.07,4.098,3.93,2302784.0,,,,,,,,,following,
KIND,2.62,2025/01/31,16:00 EST,-0.0300002,2.67,2.72,2.6101,1389898.0,,,,,,,,,following,
PROSY,7.64,2025/01/31,16:00 EST,-0.03000021,7.71,7.71,7.57,619324.0,,,,,,,,,following,
ZIM,17.8,2025/01/31,16:00 EST,-0.280001,18.07,18.48,17.75,3182328.0,,,,,,,,,following,
USOI,64.88,2025/01/31,16:00 EST,0.099998474,64.6,64.9,64.1,54465.0,,,,,,,,,following,
SUMO,,,,,,,,,,,,,,,,,following,
MTTR,5.21,2025/01/31,16:00 EST,0.05000019,5.18,5.23,5.16,2772322.0,,,,,,,,,following,
HOOD,51.95,2025/01/31,16:00 EST,-1.0499992,53.2499,53.49,51.635,14361174.0,,,,,,,,,following,
PBT,10.89,2025/01/31,16:00 EST,-0.209499,11.13,11.13,10.77,130741.0,,,,,,,,,following,
MUB,106.54,2025/01/31,16:00 EST,-0.169998,106.84,106.84,106.44,3815746.0,,,,,,,,,following,
HYD,51.96,2025/01/31,16:00 EST,0.149998,51.84,52.005,51.84,867056.0,,,,,,,,,following,
HHC,,,,,,,,,,,,,,,,,following,
QSR,61.54,2025/01/31,16:00 EST,-0.93,62.23,62.45,61.35,1627976.0,,,,,,,,,following,
FMCI,,,,,,,,,,,,,,,,,following,
VIPS,14.37,2025/01/31,16:00 EST,-0.6,14.81,14.88,14.2,2404976.0,,,,,,,,,following,
CNC,64.03,2025/01/31,16:00 EST,-0.590004,64.1,64.75,63.89,2585030.0,,,,,,,,,following,
GRTS,,,,,,,,,,,,,,,,,following,
CLSK,10.44,2025/01/31,16:00 EST,-0.5300007,11.0,11.18,10.36,18780794.0,,,,,,,,,following,
VXRT,0.6798,2025/01/31,16:00 EST,-0.0352,0.73,0.735,0.675,1196294.0,,,,,,,,,following,
MQ,3.85,2025/01/31,16:00 EST,-0.11000013,3.97,4.0,3.8301,3367097.0,,,,,,,,,following,
BIGC,6.09,2025/01/31,16:00 EST,-0.14999962,6.31,6.42,6.06,913105.0,,,,,,,,,following,
ATER,2.25,2025/01/31,16:00 EST,0.01999998,2.225,2.26,2.155,23720.0,,,,,,,,,following,
WKEY,7.51,2025/01/31,16:00 EST,-0.059999943,7.47,7.97,7.28,398318.0,,,,,,,,,following,
YALA,3.98,2025/01/31,16:00 EST,-0.0799999,4.02,4.045,3.96,107790.0,,,,,,,,,following,
VYNE,2.35,2025/01/31,16:00 EST,-0.00999999,2.4812,2.52,2.35,105508.0,,,,,,,,,following,
SHPW,0.3,2025/01/16,16:00 EST,0.0,0.3,0.3,0.3,920491.0,,,,,,,,,following,
MP,21.96,2025/01/31,16:00 EST,0.219999,21.76,22.28,21.6,2481050.0,,,,,,,,,following,
TRIT,,,,,,,,,,,,,,,,,following,
ELYS,0.0004,2025/01/31,15:00 EST,0.0,0.0004,0.0004,0.0004,775.0,,,,,,,,,following,
CPSH,1.7545,2025/01/31,16:00 EST,-0.07550001,1.8,1.8499,1.68,45623.0,,,,,,,,,following,
KULR,2.08,2025/01/31,16:00 EST,-0.11,2.17,2.23,2.03,11932801.0,,,,,,,,,following,
CRNT,4.61,2025/01/31,16:00 EST,0.010000229,4.63,4.72,4.5701,792716.0,,,,,,,,,following,
UPST,64.745,2025/01/31,16:00 EST,-2.574997,68.0,68.7,63.89,2996954.0,,,,,,,,,following,
SOFI,15.78,2025/01/31,16:00 EST,-0.6600008,16.44,16.57,15.59,48036634.0,,,,,,,,,following,
KRE,64.16,2025/01/31,16:00 EST,-0.159996,64.44,64.88,63.78,13368634.0,,,,,,,,,following,
LC,13.49,2025/01/31,16:00 EST,-0.79,14.39,14.39,13.44,4024942.0,,,,,,,,,following,
TME,11.98,2025/01/31,16:00 EST,-0.290001,12.11,12.21,11.915,6220831.0,,,,,,,,,following,
MFC,29.91,2025/01/31,16:00 EST,-0.620001,30.46,30.5603,29.89,1601331.0,,,,,,,,,following,
FRC,,,,,,,,,,,,,,,,,following,
SCHW,82.72,2025/01/31,16:00 EST,-0.879997,83.23,83.73,82.28,7663348.0,,,,,,,,,following,
WAL,87.87,2025/01/31,16:00 EST,-1.52,90.17,90.98,87.32,1250671.0,,,,,,,,,following,
GAP,24.07,2025/01/31,16:00 EST,-0.550001,24.66,24.89,23.8708,4548906.0,,,,,,,,,following,
SWBI,10.49,2025/01/31,16:00 EST,-0.05000019,10.51,10.61,10.4,398200.0,,,,,,,,,following,
RGR,35.6,2025/01/31,16:00 EST,-0.560001,35.92,36.0659,35.21,159210.0,,,,,,,,,following,
GOOS,10.95,2025/01/31,16:00 EST,-0.66,11.54,11.5463,10.915,670307.0,,,,,,,,,following,
TPR,72.94,2025/01/31,16:00 EST,-2.97,74.88,75.2,72.17,6637839.0,,,,,,,,,following,
ASO,52.31,2025/01/31,16:00 EST,-2.369999,54.33,54.7688,51.9,1846888.0,,,,,,,,,following,
WRK,,,,,,,,,,,,,,,,,following,
MTCH,35.7,2025/01/31,16:00 EST,0.49000168,35.21,36.08,35.115,4196478.0,,,,,,,,,folioOne,
MOS,27.89,2025/01/31,16:00 EST,-0.690001,28.51,28.54,27.69,3159207.0,,,,,,,,,folioOne,
HTHIY,51.2,2025/01/31,15:00 EST,-0.25,51.92,52.39,50.0,41028.0,,,,,,,,,folioOne,
IVZ,19.23,2025/01/31,16:00 EST,0.0100002,19.31,19.51,19.08,5778780.0,,,,,,,,,folioOne,
BJ,99.05,2025/01/31,16:00 EST,-0.939995,99.86,100.15,98.72,1573290.0,,,,,,,,,folioOne,
FDML,,2019/06/28,18:07 EDT,,,,,,,,,,,,,,folioOne,
EXC,40.0,2025/01/31,16:00 EST,-0.020000458,39.99,40.23,39.89,7144082.0,,,,,,,,,folioOne,
C,81.43,2025/01/31,16:00 EST,-0.43,81.69,82.335,81.07,9517502.0,20090319.0,2.6,10000.0,40.0,,,,,folioOne,
HBAN,17.2,2025/01/31,16:00 EST,-0.18999863,17.31,17.41,17.12,17460336.0,20090529.0,5.22,20000.0,,,,,,folioOne,
$$CASH,,,,,,,,,,,-130440.0,,,,,,folioOne,
CBOE,204.33,2025/01/31,16:00 EST,-1.58,205.98,206.89,204.33,632032.0,,,,,,,,,fin,
NMR,6.48,2025/01/31,16:00 EST,0.0300002,6.55,6.57,6.47,367078.0,,,,,,,,,fin,
BMA,99.45,2025/01/31,16:00 EST,-2.16,102.47,102.595,99.05,226852.0,,,,,,,,,fin,
TD,57.07,2025/01/31,16:00 EST,-0.299999,57.01,57.84,57.005,1643532.0,,,,,,,,,fin,
WAL,87.87,2025/01/31,16:00 EST,-1.52,90.17,90.98,87.32,1250671.0,,,,,,,,,fin,
SCHW,82.72,2025/01/31,16:00 EST,-0.879997,83.23,83.73,82.28,7663348.0,,,,,,,,,fin,
FRC,,,,,,,,,,,,,,,,,fin,
MFC,29.91,2025/01/31,16:00 EST,-0.620001,30.46,30.5603,29.89,1601331.0,,,,,,,,,fin,
TME,11.98,2025/01/31,16:00 EST,-0.290001,12.11,12.21,11.915,6220831.0,,,,,,,,,fin,
LC,13.49,2025/01/31,16:00 EST,-0.79,14.39,14.39,13.44,4024942.0,,,,,,,,,fin,
KRE,64.16,2025/01/31,16:00 EST,-0.159996,64.44,64.88,63.78,13368634.0,,,,,,,,,fin,
SOFI,15.78,2025/01/31,16:00 EST,-0.6600008,16.44,16.57,15.59,48036634.0,,,,,,,,,fin,
UPST,64.745,2025/01/31,16:00 EST,-2.574997,68.0,68.7,63.89,2996954.0,,,,,,,,,fin,
SMSI,1.27,2025/01/31,16:00 EST,-0.029999971,1.31,1.3175,1.235,165872.0,,,,,,,,,smallCapLowPE,
SWN,,,,,,,,,,,,,,,,,smallCapLowPE,
TUSK,2.99,2025/01/31,16:00 EST,0.0,3.0,3.0477,2.95,40159.0,,,,,,,,,smallCapLowPE,
GPOR,178.51,2025/01/31,16:00 EST,-5.58,185.07,185.08,177.905,204593.0,,,,,,,,,smallCapLowPE,
SBOW,,,,,,,,,,,,,,,,,smallCapLowPE,
DE,476.56,2025/01/31,16:00 EST,-3.42999,479.0,479.4029,474.0625,977231.0,,,,,,,,,firstFolio,
ROVI,,2019/06/28,18:07 EDT,,,,,,,,,,,,,,firstFolio,
GME,26.9,2025/01/31,16:00 EST,-1.09,27.79,28.18,26.9,4015780.0,,,,,,,,,firstFolio,
DLTR,73.35,2025/01/31,16:00 EST,-1.1500015,74.63,75.62,72.84,2668287.0,,,,,,,,,firstFolio,
DG,71.06,2025/01/31,16:00 EST,-1.09,72.03,73.1,71.03,2354880.0,,,,,,,,,firstFolio,
DG,71.06,2025/01/31,16:00 EST,-1.09,72.03,73.1,71.03,2354880.0,,,,,,,,,firstFolio,
MYL,,,,,,,,,,,,,,,,,firstFolio,
AA,35.32,2025/01/31,16:00 EST,-0.209999,35.5,36.24,35.16,5308053.0,,,,,,,,,firstFolio,
TWTR,,,,,,,,,,,,,,,,,firstFolio,
WDAY,262.06,2025/01/31,16:00 EST,1.9899902,263.82,267.01,260.985,1668001.0,,,,,,,,,firstFolio,
AIG,73.66,2025/01/31,16:00 EST,-1.75999,75.0,75.36,73.4,4453549.0,,,,,,,,,firstFolio,
C,81.43,2025/01/31,16:00 EST,-0.43,81.69,82.335,81.07,9517502.0,,,,,,,,,firstFolio,
FITB,44.31,2025/01/31,16:00 EST,-0.1800003,44.52,44.6901,44.17,3428167.0,,,,,,,,,firstFolio,
LYG,3.05,2025/01/31,16:00 EST,-0.04,3.07,3.09,3.04,13319609.0,,,,,,,,,firstFolio,
VINIX,492.21,2025/01/31,20:02 EST,-2.47,,,,,,,,,,,,,firstFolio,
TECL,86.01,2025/01/31,16:00 EST,-1.56,89.93,91.6999,85.39,1321832.0,,,,,,,,,etf2020,
DIVO,42.26,2025/01/31,16:00 EST,-0.210003,42.52,42.54,42.2,428561.0,,,,,,,,,etf2020,
SFTBY,30.72,2025/01/31,15:00 EST,0.069999695,30.595,31.55,30.37,144728.0,,,,,,,,,etf2020,
EWS,22.58,2025/01/31,16:00 EST,-0.0900002,22.78,22.785,22.52,704972.0,,,,,,,,,etf2020,
EWM,23.42,2025/01/31,16:00 EST,-0.530001,23.5,23.53,23.372,582128.0,,,,,,,,,etf2020,
IWM,226.48,2025/01/31,16:00 EST,-2.05,228.75,230.32,225.535,32992887.0,,,,,,,,,etf2020,
VO,275.61,2025/01/31,16:00 EST,-2.10001,277.77,278.71,275.28,596366.0,,,,,,,,,etf2020,
EASI,21.07,2020/07/02,14:49 EDT,-0.0450001,21.11,21.07,21.04,5051.0,,,,,,,,,etf2020,
IGV,102.89,2025/01/31,16:00 EST,0.129997,103.84,104.42,102.54,5199296.0,,,,,,,,,etf2020,
UCO,28.14,2025/01/31,16:00 EST,0.129999,28.019,28.3597,27.49,2419645.0,,,,,,,,,etf2020,
IXC,39.09,2025/01/31,16:00 EST,-0.849998,39.98,39.92,39.01,805252.0,,,,,,,,,etf2020,
SCO,16.43,2025/01/31,16:00 EST,0.0300007,16.52,16.81,16.31,2451866.0,,,,,,,,,etf2020,
VHT,270.77,2025/01/31,16:00 EST,-1.01001,272.56,274.18,270.77,358965.0,,,,,,,,,etf2020,
EDIV,35.5,2025/01/31,15:59 EST,-0.18,35.71,35.7999,35.3996,46815.0,,,,,,,,,etf2020,
JETS,26.03,2025/01/31,16:00 EST,-0.34,26.33,26.635,26.0,1546090.0,,,,,,,,,etf2020,
KVYO,46.01,2025/01/31,16:00 EST,-1.22,47.61,47.885,45.5519,1366552.0,,,,,,,,,toBuy,
HUM,293.23,2025/01/31,16:00 EST,-3.67999,296.0,297.0,292.71,1250645.0,,,,,,,,,toBuy,
BMA,99.45,2025/01/31,16:00 EST,-2.16,102.47,102.595,99.05,226852.0,,,,,,,,,toBuy,
HUBS,779.53,2025/01/31,16:00 EST,7.54004,791.78,800.0,778.9401,514816.0,,,,,,,,,toBuy,
MCO,499.44,2025/01/31,16:00 EST,0.23999,499.36,505.775,498.2302,535813.0,,,,,,,,,toBuy,
TYL,601.64,2025/01/31,16:00 EST,2.75,598.72,605.97,593.896,272427.0,,,,,,,,,toBuy,
ADS,,,,,,,,,,,,,,,,,toBuy,
SYK,391.29,2025/01/31,16:00 EST,0.860016,391.15,397.56,390.08,1234251.0,,,,,,,,,toBuy,
ADP,303.01,2025/01/31,16:00 EST,-0.25,301.79,305.1,301.18,2237741.0,,,,,,,,,toBuy,
DGX,163.1,2025/01/31,16:00 EST,-1.06999,163.94,166.89,162.55,1575149.0,,,,,,,,,toBuy,
HCP,34.2,2025/01/31,16:00 EST,-0.049999237,34.28,34.33,34.18,3285781.0,,,,,,,,,toBuy,
CALX,39.68,2025/01/31,16:00 EST,-0.5,40.88,41.21,39.35,1190000.0,,,,,,,,,toBuy,
OTLY,0.6162,2025/01/31,16:00 EST,-0.046200037,0.62,0.6518,0.5935,6526407.0,,,,,,,,,toBuy,
VIAC,,,,,,,,,,,,,,,,,toBuy,
DISCA,,,,,,,,,,,,,,,,,toBuy,
IRBT,7.69,2025/01/31,16:00 EST,0.13000011,7.58,8.11,7.52,1699589.0,,,,,,,,,toBuy,
RXT,2.63,2025/01/31,16:00 EST,0.25,2.41,2.645,2.355,1700319.0,,,,,,,,,toBuy,
NMIH,38.62,2025/01/31,16:00 EST,-0.51000214,39.0,39.17,38.51,279223.0,,,,,,,,,toBuy,
ABB,,,,,,,,,,,,,,,,,toBuy,
NSANY,5.42,2025/01/31,15:55 EST,-0.029999733,5.64,5.64,5.42,19361.0,,,,,,,,,toBuy,
INMD,17.21,2025/01/31,16:00 EST,-0.060001373,17.27,17.33,17.08,899147.0,,,,,,,,,toBuy,
XP,13.65,2025/01/31,16:00 EST,-0.35000038,13.97,14.09,13.575,5662164.0,,,,,,,,,toBuy,
CTSH,82.61,2025/01/31,16:00 EST,-0.15000153,82.98,83.4015,82.49,2462746.0,,,,,,,,,toBuy,
SYY,72.92,2025/01/31,16:00 EST,-0.419998,72.95,73.6,72.4,4673403.0,,,,,,,,,toBuy,
USFD,70.93,2025/01/31,16:00 EST,-0.790001,71.9,72.3,70.93,1795927.0,,,,,,,,,toBuy,
DOW,39.05,2025/01/31,16:00 EST,0.5,38.825,39.28,38.41,12725049.0,,,,,,,,,toBuy,
AMD,115.95,2025/01/31,16:00 EST,-2.9100037,119.17,119.565,115.33,40533565.0,,,,,,,,,toBuy,
MIK,,,,,,,,,,,,,,,,,toBuy,
EAF,1.5,2025/01/31,16:00 EST,0.05,1.42,1.515,1.4,1108856.0,,,,,,,,,toBuy,
MSI,469.25,2025/01/31,16:00 EST,-3.35999,472.84,473.89,467.313,691666.0,,,,,,,,,toBuy,
EVH,10.45,2025/01/31,16:00 EST,-0.13,10.57,10.65,10.41,1782842.0,,,,,,,,,toBuy,
PLAB,22.99,2025/01/31,16:00 EST,-0.069999695,23.13,23.47,22.765,510216.0,,,,,,,,,toBuy,
CGC,1.99,2025/01/31,16:00 EST,-0.109999895,2.1,2.12,1.96,5290583.0,,,,,,,,,toBuy,
NTAP,122.1,2025/01/31,16:00 EST,-0.34000397,123.07,124.61,121.725,1316609.0,,,,,,,,,toBuy,
ZBRA,391.94,2025/01/31,16:00 EST,-2.7600098,394.88,400.55,391.14,549033.0,20190801.0,204.26,10.0,,,,,,toBuy,
VMW,,,,,,,,,,,,,,,,,toBuy,
LRCX,81.05,2025/01/31,16:00 EST,0.3199997,81.1,84.215,80.845,18840940.0,,,,,,,,,toBuy,
GEF,61.22,2025/01/31,16:00 EST,-1.11,61.98,62.39,60.91,200403.0,,,,,,,,,toBuy,
TEN,17.88,2025/01/31,16:00 EST,-0.280001,18.3,18.3,17.7121,233716.0,,,,,,,,,toBuy,
SAN,5.09,2025/01/31,16:00 EST,-0.11,5.12,5.14,5.05,2919111.0,,,,,,,,,toBuy,
SIDU,2.48,2025/01/31,16:00 EST,0.059999943,2.43,2.54,2.38,829108.0,,,,,,,,,raviBatch,
SHPW,0.3,2025/01/16,16:00 EST,0.0,0.3,0.3,0.3,920491.0,,,,,,,,,raviBatch,
VYNE,2.35,2025/01/31,16:00 EST,-0.00999999,2.4812,2.52,2.35,105508.0,,,,,,,,,raviBatch,
YALA,3.98,2025/01/31,16:00 EST,-0.0799999,4.02,4.045,3.96,107790.0,,,,,,,,,raviBatch,
WKEY,7.51,2025/01/31,16:00 EST,-0.059999943,7.47,7.97,7.28,398318.0,,,,,,,,,raviBatch,
ATER,2.25,2025/01/31,16:00 EST,0.01999998,2.225,2.26,2.155,23720.0,,,,,,,,,raviBatch,
BIGC,6.09,2025/01/31,16:00 EST,-0.14999962,6.31,6.42,6.06,913105.0,,,,,,,,,raviBatch,
MQ,3.85,2025/01/31,16:00 EST,-0.11000013,3.97,4.0,3.8301,3367097.0,,,,,,,,,raviBatch,
VXRT,0.6798,2025/01/31,16:00 EST,-0.0352,0.73,0.735,0.675,1196294.0,,,,,,,,,raviBatch,
CLSK,10.44,2025/01/31,16:00 EST,-0.5300007,11.0,11.18,10.36,18780794.0,,,,,,,,,raviBatch,
GRTS,,,,,,,,,,,,,,,,,raviBatch,
FLO,19.55,2025/01/31,16:00 EST,-0.18,19.57,19.69,19.425,2231136.0,,,,,,,,,myList,
FORM,40.05,2025/01/31,16:00 EST,0.2199974,40.06,41.57,39.6,808508.0,,,,,,,,,myList,
VCSA,5.02,2025/01/31,16:00 EST,-0.03000021,5.05,5.07,5.02,84112.0,,,,,,,,,myList,
CAG,25.89,2025/01/31,16:00 EST,-0.400002,26.04,26.26,25.805,5290415.0,,,,,,,,,myList,
TPB,63.74,2025/01/31,16:00 EST,0.740002,62.68,64.0,62.22,264697.0,,,,,,,,,myList,
APPN,35.09,2025/01/31,16:00 EST,-0.07999802,35.47,36.115,34.6901,327643.0,,,,,,,,,myList,
DNUT,9.07,2025/01/31,16:00 EST,-0.05000019,9.09,9.26,9.01,1739977.0,,,,,,,,,myList,
CLOV,4.39,2025/01/31,16:00 EST,-0.03999996,4.49,4.57,4.36,4857337.0,,,,,,,,,myList,
FUBO,4.04,2025/01/31,16:00 EST,-0.0799999,4.15,4.27,3.91,20769998.0,,,,,,,,,myList,
ATKR,81.44,2025/01/31,16:00 EST,-2.13,83.42,83.63,80.75,538159.0,,,,,,,,,myList,
TUP,,,,,,,,,,,,,,,,,myList,
ABEV,1.85,2025/01/31,16:00 EST,-0.00999999,1.88,1.89,1.85,15387115.0,,,,,,,,,myList,
IRM,101.57,2025/01/31,16:00 EST,-0.43,101.86,103.325,100.95,1345242.0,,,,,,,,,myList,
YELP,39.94,2025/01/31,16:00 EST,-0.550003,40.46,40.86,39.7,595298.0,,,,,,,,,myList,
TSN,56.49,2025/01/31,16:00 EST,-0.269997,56.4,57.27,56.32,2930629.0,,,,,,,,,myList,
EMR,129.95,2025/01/31,16:00 EST,-0.490005,130.94,131.57,129.27,4718845.0,,,,,,,,,myList,
GME,26.9,2025/01/31,16:00 EST,-1.09,27.79,28.18,26.9,4015780.0,,,,,,,,,myList,
AXGN,18.21,2025/01/31,16:00 EST,-0.060001373,18.2,18.74,18.16,218071.0,,,,,,,,,myList,
ITB,107.25,2025/01/31,16:00 EST,-2.86,109.83,109.57,107.21,3640247.0,,,,,,,,,construc,
JELD,8.92,2025/01/31,16:00 EST,-0.45,9.28,9.26,8.895,532418.0,,,,,,,,,construc,
GMS,84.34,2025/01/31,16:00 EST,-1.79,85.88,85.68,84.17,402269.0,,,,,,,,,construc,
KMTUY,30.18,2025/01/31,15:00 EST,-0.20999908,30.25,30.6,30.18,10543.0,,,,,,,,,construc,
CRNC,12.46,2025/01/31,16:00 EST,-1.0799999,13.78,14.8,12.42,5509770.0,,,,,,,,,whaat,
OKLO,41.61,2025/01/31,16:00 EST,-0.299999,42.4,45.23,40.37,26237895.0,,,,,,,,,whaat,
IONQ,39.49,2025/01/31,16:00 EST,0.68,38.96,42.98,38.8,19303001.0,,,,,,,,,whaat,
SOUN,14.15,2025/01/31,16:00 EST,0.14999962,14.34,15.23,13.94,41386848.0,,,,,,,,,whaat,
OSPN,19.24,2025/01/31,16:00 EST,-0.22999954,19.58,19.74,19.045,498794.0,,,,,,,,,whaat,
SNAP,11.29,2025/01/31,16:00 EST,-0.0600004,11.43,11.73,11.26,20647939.0,20240925.0,10.59,10.0,0.0,,,,,whaat,
PBT,10.89,2025/01/31,16:00 EST,-0.209499,11.13,11.13,10.77,130741.0,,,,,,,,,whaat,
HOOD,51.95,2025/01/31,16:00 EST,-1.0499992,53.2499,53.49,51.635,14361174.0,20240925.0,22.39,10.0,0.0,,,,,whaat,
MTTR,5.21,2025/01/31,16:00 EST,0.05000019,5.18,5.23,5.16,2772322.0,,,,,,,,,whaat,
SUMO,,,,,,,,,,,,,,,,,whaat,
USOI,64.88,2025/01/31,16:00 EST,0.099998474,64.6,64.9,64.1,54465.0,,,,,,,,,whaat,
ZIM,17.8,2025/01/31,16:00 EST,-0.280001,18.07,18.48,17.75,3182328.0,,,,,,,,,whaat,
PROSY,7.64,2025/01/31,16:00 EST,-0.03000021,7.71,7.71,7.57,619324.0,20240925.0,8.07,10.0,0.0,,,,,whaat,
KIND,2.62,2025/01/31,16:00 EST,-0.0300002,2.67,2.72,2.6101,1389898.0,20240925.0,2.5,10.0,0.0,,,,,whaat,
BYND,3.96,2025/01/31,16:00 EST,-0.11000013,4.07,4.098,3.93,2302784.0,,,,,,,,,whaat,
SOS,6.86,2025/01/31,16:00 EST,-0.0699997,7.0006,7.1233,6.73,21957.0,,,,,,,,,whaat,
FSLY,10.47,2025/01/31,16:00 EST,-0.259999,10.83,11.14,10.415,2450026.0,,,,,,,,,whaat,
BILL,96.77,2025/01/31,16:00 EST,0.649994,98.88,100.19,96.62,2905523.0,,,,,,,,,whaat,
SPT,32.67,2025/01/31,16:00 EST,-0.4300003,33.49,34.07,32.39,460367.0,,,,,,,,,whaat,
